;Nazwisko ImiÍ ;Wiek ;ZawÛd/wykszta≥cenie ;Oznaczenie kandydata 
BieÒkowice;BABIJ ANDRZEJ CZES£AW ;66;WYØSZE ; 
BieÒkowice;GABRYLUK J”ZEF  ;64;ZAWODOWE ; 
BieÒkowice;HORNIK MA£GORZATA  ;60;WYØSZE ; 
BieÒkowice;KOZ£OWSKA-KEMPA JOANNA ELØBIETA ;36;WYØSZE ; 
BieÒkowice;KRAWCZYSZYN GRZEGORZ  ;33;WYØSZE ; 
BieÒkowice;KUå ADAM KRZYSZTOF ;51;WYØSZE ; 
BieÒkowice;MARTIN ALEKSANDER  ;70;åREDNIE ; 
BieÒkowice;MARTIN JACEK ALEKSANDER ;25;åREDNIE ; 
BieÒkowice;MISIECZKO W£ODZIMIERZ MAREK ;60;ZAWODOWE ; 
BieÒkowice;PAPIERNIK RAJMUND JACEK ;51;WYØSZE ; 
BieÒkowice;PAW£OWSKA DOMINIKA  ;32;WYØSZE ; 
BieÒkowice;SICI—SKI ANDRZEJ ZBIGNIEW ;73;WYØSZE ; 
BieÒkowice;STEFANIK JOLANTA MARIA ;68;WYØSZE ; 
BieÒkowice;WASILEWSKI MARCIN  ;36;åREDNIE ; 
BieÒkowice;WYSOCKI ANDRZEJ MICHA£ ;24;WYØSZE ; 
Biskupin - SÍpolno - Dπbie - Bartoszowice;BOBI—SKI MARCIN  ;39;INFORMATYK ;S POLNO WSP”LNE DOBRO 
Biskupin - SÍpolno - Dπbie - Bartoszowice;CIOK ALEKSANDER HENRYK ;68;WYØSZE ; 
Biskupin - SÍpolno - Dπbie - Bartoszowice;DUDZIUK-DUDZIK ANNA  ;43;URBANISTA ;S POLNO WSP”LNE DOBRO 
Biskupin - SÍpolno - Dπbie - Bartoszowice;GROSS-MAZURSKA JOWITA ANNA ;44;ARCHITEKT ;S POLNO WSP”LNE DOBRO 
Biskupin - SÍpolno - Dπbie - Bartoszowice;HORBACZEWSKI JAKUB BART£OMIEJ ;35;DZIENNIKARZ ;S POLNO WSP”LNE DOBRO 
Biskupin - SÍpolno - Dπbie - Bartoszowice;JANUSZ MATEUSZ ZBIGNIEW ;20;STUDENT INFORMATYKI ;BEZPARTYJNY WROC£AW 
Biskupin - SÍpolno - Dπbie - Bartoszowice;J DRYCHOWSKA IWONA ZOFIA ;64;BIOCHEMIK ;S POLNO WSP”LNE DOBRO 
Biskupin - SÍpolno - Dπbie - Bartoszowice;KRZYSZKOWSKA BARBARA BRONIS£AWA ;65;NAUCZYCIEL ; 
Biskupin - SÍpolno - Dπbie - Bartoszowice;MAZURSKI ARTUR WOJCIECH ;45;PRZEDSI BIORCA ;S POLNO WSP”LNE DOBRO 
Biskupin - SÍpolno - Dπbie - Bartoszowice;OKONEK-KA—CZUKOWSKA KATARZYNA ANNA ;42;ADWOKAT ;S POLNO WSP”LNE DOBRO 
Biskupin - SÍpolno - Dπbie - Bartoszowice;PAPUSZKA LESZEK  ;59;TECHNIK MECHANIK ; 
Biskupin - SÍpolno - Dπbie - Bartoszowice;WAWRZYNOWICZ PAWE£ KORDIAN ;52;RENOWATOR ZABYTK”W ;S POLNO WSP”LNE DOBRO 
Biskupin - SÍpolno - Dπbie - Bartoszowice;ADAMCZYK GRZEGORZ LESZEK ;37;INFORMATYK ;FORUM OBYWATELSKIE WIELKIEJ WYSPY 
Biskupin - SÍpolno - Dπbie - Bartoszowice;DAC JANUSZ STANIS£AW ;68;MGR INØ. MECHANIKI ;FORUM OBYWATELSKIE WIELKIEJ WYSPY 
Biskupin - SÍpolno - Dπbie - Bartoszowice;DUDA£A DAMIAN WOJCIECH ;36;MENAGER ;FORUM OBYWATELSKIE WIELKIEJ WYSPY 
Biskupin - SÍpolno - Dπbie - Bartoszowice;JAWORSKA GRAØYNA MAGDALENA ;56;NAUCZYCIEL ;FORUM OBYWATELSKIE WIELKIEJ WYSPY 
Biskupin - SÍpolno - Dπbie - Bartoszowice;JUROWICZ IGNACY MIECZYS£AW ;69;PROGRAMISTA ;FORUM OBYWATELSKIE WIELKIEJ WYSPY 
Biskupin - SÍpolno - Dπbie - Bartoszowice;KA£UØA J DRZEJ JERZY ;37;SPECJALISTA DS. SPRZEDAØY ;FORUM OBYWATELSKIE WIELKIEJ WYSPY 
Biskupin - SÍpolno - Dπbie - Bartoszowice;KORONA KAROLINA  ;30;WYØSZE EKONOMICZNE ; 
Biskupin - SÍpolno - Dπbie - Bartoszowice;KOSENDIAK SEBASTIAN JAN ;36;PEDAGOG RESOCJALIZACJI ;FORUM OBYWATELSKIE WIELKIEJ WYSPY 
Biskupin - SÍpolno - Dπbie - Bartoszowice;KUBIT AGNIESZKA  ;36;MGR INØ. ARCHITEKTURY ; 
Biskupin - SÍpolno - Dπbie - Bartoszowice;MAZUR MARIA JOANNA ;81; ;FORUM OBYWATELSKIE WIELKIEJ WYSPY 
Biskupin - SÍpolno - Dπbie - Bartoszowice;BANACH RYSZARD FRANCISZEK ;65;DR INØ.NAUK TECHNICZNYCH ; 
Biskupin - SÍpolno - Dπbie - Bartoszowice;CHMIELAK BOGDAN MARIAN ;67;PEDAGOG ; 
Biskupin - SÍpolno - Dπbie - Bartoszowice;DOKOWICZ OLGA JOANNA ;40;MGR PRAWA ;FORUM OBYWATELSKIE WIELKIEJ WYSPY 
Biskupin - SÍpolno - Dπbie - Bartoszowice;FEDAK £UKASZ ANDRZEJ ;18;UCZE— LICEUM ; 
Biskupin - SÍpolno - Dπbie - Bartoszowice;FRANCUZ ELØBIETA  ;63;MGR BIOLOGII ;FORUM OBYWATELSKIE WIELKIEJ WYSPY 
Biskupin - SÍpolno - Dπbie - Bartoszowice;WO£ODKO MACIEJ  ;36;SPECJALISTA DS. MARKETINGU;FORUM OBYWATELSKIE WIELKIEJ WYSPY 
Biskupin - SÍpolno - Dπbie - Bartoszowice;ØUCZKOWSKI JAN PIOTR ;58;ARCHITEKT ;FORUM OBYWATELSKIE WIELKIEJ WYSPY 
Borek;BARSKA EWA MA£GORZATA ;59;ARCHITEKT ; 
Borek;CZEKAJ MI£OS£AW ALEKSANDER ;46;PRACOWNIK BIUROWY ; 
Borek;FURTAK ADAM ALEKSANDER ;43;WYØSZE ;#LEPSZYBOREK#LEPSZYWROC£AW 
Borek;HOLAK ANICETA MARIA ;66;WYØSZE ; 
Borek;MALITOWSKI £UKASZ W£ADYS£AW ;24;STUDENT PRAWA ;PRZYJAZNE OSIEDLE- BEZPARTYJNY WROC£AW 
Borek;MATKOWSKI MAREK DANIEL ;40;INØYNIER BUDOWNICTWA ; 
Borek;MATUSIAK FILIP  ;35;ELEKTRONIK ;STOWARZYSZENIE AKCJA MIASTO 
Borek;PALACZ PIOTR ZBIGNIEW ;31;WYØSZE ; 
Borek;ROGALA STANIS£AW  ;78;EMERYT ; 
Borek;SINIOR MARIUSZ ROBERT ;39;WYØSZE ;#LEPSZYBOREK#LEPSZYWROC£AW 
Borek;SZPALA JADWIGA  ;71;EMERYT ; 
Borek;TURALSKI TOMASZ KRZYSZTOF ;22;STUDENT ; 
Borek;BRONOWICKI PIOTR  ;52;WYØSZE ; 
Borek;DUDEK TYTUS KACPER ;31;WYØSZE ; 
Borek;DUDZI—SKI GERARD JAKUB ;39;WYØSZE ; 
Borek;HAMKA£O JACEK  ;35;POLITOLOG ;BEZPARTYJNY WROC£AW 
Borek;JANECZKO DOMINIK MAREK ;21;STUDENT ; 
Borek;KAMI—SKI KRZYSZTOF DARIUSZ ;50;WYØSZE ; 
Borek;LEåNIAK MAREK  ;50;EMERYT ; 
Borek;MIKULSKA AGNIESZKA  ;46;WYØSZE ; 
Borek;NIØNIOWSKI HENRYK  ;69;INØYNIER BUDOWNICTWA ;WROC£AWSKIE FORUM SAMORZ•DOWE 
Borek;NOWAK MARIA EWA ;47;WYØSZE ; 
Borek;SIWEK SZYMON  ;40;WYØSZE EKONOMICZNE ; 
Borek;SUPERSON KRZYSZTOF RYSZARD ;42;PRZEDSI BIORCA ;BEZPARTYJNY WROC£AW 
Borek;åLEDZI—SKI KRZYSZTOF KAROL ;27;WYØSZE ;WROC£AWSKIE FORUM SAMORZ•DOWE 
Borek;WOLNY MARCIN ROBERT ;41;NAUCZYCIEL ; 
BrochÛw;ANUSIEWICZ ELØBIETA BOØENA ;67;NAUCZYCIEL AKADEMICKI ;NASZ BROCH”W 
BrochÛw;FOCZPANIAK ARTUR  ;42;INØYNIER ;NASZ BROCH”W 
BrochÛw;G”RECKI MAREK HENRYK ;66;LEKARZ ;NASZ BROCH”W 
BrochÛw;GRABOWSKI MARCIN PIOTR ;34;ARCHITEKT ;NASZ BROCH”W 
BrochÛw;HRUSZCZAK SEBASTIAN JERZY ;36;TECHNIK ELEKTRYK ;NASZ BROCH”W 
BrochÛw;KRAMARZ BOGUS£AWA  ;69;TECHNICZNE ; 
BrochÛw;KRAWCZYK WANDA JADWIGA ;66;TECHNIK BUDOWLANY ;NASZ BROCH”W 
BrochÛw;PALI—SKA ANNA MARIA ;37;WYØSZE-LICENCJAT ; 
BrochÛw;RUTA—SKI JANUSZ ANTONI ;71;INØYNIER ;NASZ BROCH”W 
BrochÛw;SADOWSKI MAREK DARIUSZ ;55;MENADØER, WYØSZE ;NASZ BROCH”W 
BrochÛw;SZYMCZAK JAKUB JAN ;41;MENADØER KOORDYNATOR PROJEKT”W, WYØSZE ;NASZ BROCH”W
BrochÛw;TERPI£OWSKA IRENA R”ØA ;56;WYØSZE ;ZIELONY WROC£AW 
BrochÛw;WOSIK BARBARA TERESA ;68;EKONOMISTA ;NASZ BROCH”W 
BrochÛw;GO£ BIEWSKI JANUSZ  ;35;TECHNIK ELEKTRONIK ;NASZ BROCH”W 
BrochÛw;HARDEJ RYSZARD  ;64;ZAWODOWE ;NASZ BROCH”W 
BrochÛw;KITA TOMASZ  ;36;WYØSZE ;NASZ BROCH”W 
BrochÛw;MICHO—SKI JAROS£AW EUGENIUSZ ;38;WYØSZE ;NASZ BROCH”W 
BrochÛw;NAROLSKI J”ZEF MARIAN ;64;TECHNIK MECHANIK ;NASZ BROCH”W 
BrochÛw;OZDOBA REMIGIUSZ  ;42;åREDNIE ;NASZ BROCH”W 
BrochÛw;PACHOLSKA AGATA JADWIGA ;44;PSYCHOLOG ; 
BrochÛw;RECZULSKA BEATA  ;51;WYØSZE PEDAGOGICZNE ;NASZ BROCH”W 
BrochÛw;SZYMA—SKI PIOTR  ;31;WYØSZE ;NASZ BROCH”W 
BrochÛw;åWIRSKI KAZIMIERZ BRONIS£AW ;49;åREDNIE ;NASZ BROCH”W 
BrochÛw;ZBOROWSKI ARTUR ROBERT ;43;FILOLOG ; 
GπdÛw - Popowice P≥d.;ANDRZEJCZAK MARIAN W£ADYS£AW ;64;TECHNIK GEODETA ;SPO£ECZNY KOMITET MIESZKA—C”W G•DOWA 
GπdÛw - Popowice P≥d.;BURSKA-URBANOWICZ ALICJA  ;76;LEKARZ ;SPO£ECZNY KOMITET MIESZKA—C”W G•DOWA 
GπdÛw - Popowice P≥d.;GAWLI—SKA DANUTA TERESA ;62;DOKTOR NAUK TEOLOGICZNYCH ;SPO£ECZNY KOMITET MIESZKA—C”W G•DOWA 
GπdÛw - Popowice P≥d.;MAZIJ WOJCIECH JERZY ;40;FILOLOG POLSKI ; 
GπdÛw - Popowice P≥d.;SKULSKI ZBIGNIEW  ;72;EMERYT ;SPO£ECZNY KOMITET MIESZKA—C”W G•DOWA 
GπdÛw - Popowice P≥d.;WALASZCZYK £UKASZ PATRYK ;34;INFORMATYK ; 
GπdÛw - Popowice P≥d.;BIERNAT KATARZYNA MARIA ;47;KARTOGRAF ;SPO£ECZNY KOMITET MIESZKA—C”W G•DOWA 
GπdÛw - Popowice P≥d.;DOMAGA£A GRZEGORZ ARTUR ;41;WYØSZE ; 
GπdÛw - Popowice P≥d.;GANCARZ ANNA IRENA ;70;LEKARZ WETERYNARII ;SPO£ECZNY KOMITET MIESZKA—C”W G•DOWA 
GπdÛw - Popowice P≥d.;IWAN ARTUR PAWE£ ;36;WYØSZE EKONOMICZNE ;SPO£ECZNY KOMITET MIESZKA—C”W G•DOWA 
GπdÛw - Popowice P≥d.;KLUSZYCKI S£AWOMIR ANDRZEJ ;62;DOKTOR EKONOMII ;SPO£ECZNY KOMITET MIESZKA—C”W G•DOWA 
GπdÛw - Popowice P≥d.;KRYCI—SKI JANUSZ FELIKS ;57;WYØSZE ADMINISTRACYJNE ;SPO£ECZNY KOMITET MIESZKA—C”W G•DOWA 
GπdÛw - Popowice P≥d.;KRZYåKO £UKASZ  ;33;WYØSZE PRAWNICZE ;SPO£ECZNY KOMITET MIESZKA—C”W G•DOWA 
GπdÛw - Popowice P≥d.;PIEGZIK MICHA£ ANDRZEJ ;26;WYØSZE PRAWNICZE ;SPO£ECZNY KOMITET MIESZKA—C”W G•DOWA 
GπdÛw - Popowice P≥d.;P£OCKI ANDRZEJ  ;66;KAMIENIARZ ;SPO£ECZNY KOMITET MIESZKA—C”W G•DOWA 
GπdÛw - Popowice P≥d.;D•BROWSKI W£ADYS£AW KAZIMIERZ ;63;INFORMATYK ;SPO£ECZNY KOMITET MIESZKA—C”W G•DOWA 
GπdÛw - Popowice P≥d.;DUSZE—KO TADEUSZ ANTONI ;62;INØYNIER MECHANIK ;SPO£ECZNY KOMITET MIESZKA—C”W G•DOWA 
GπdÛw - Popowice P≥d.;KEMPI—SKI RYSZARD JAN ;70;EMERYT ;SPO£ECZNY KOMITET MIESZKA—C”W G•DOWA 
GπdÛw - Popowice P≥d.;KO£CZYK KORNEL KAZIMIERZ ;25;STUDENT ;SPO£ECZNY KOMITET MIESZKA—C”W G•DOWA 
GπdÛw - Popowice P≥d.;KRZYSZTOFIK MARIAN  ;58;INØYNIER EKONOMISTA ;SPO£ECZNY KOMITET MIESZKA—C”W G•DOWA 
GπdÛw - Popowice P≥d.;MAKOWSKI ANDRZEJ MAREK ;33;INØYNIER BUDOWNICTWA ; 
GπdÛw - Popowice P≥d.;SZCZEPANOWSKI ALEKSANDER ALBERT ;27;INØYNIER TELEKOMUNIKACJI ;SPO£ECZNY KOMITET MIESZKA—C”W G•DOWA 
GπdÛw - Popowice P≥d.;SZUDY NOWICKA MARIA J”ZEFA ;71;EMERYTKA ;SPO£ECZNY KOMITET MIESZKA—C”W G•DOWA 
GπdÛw - Popowice P≥d.;TADEUSZYK DARIUSZ WALERIAN ;59;NAUCZYCIEL ; 
GπdÛw - Popowice P≥d.;TADEUSZYK TERESA  ;61;REHABILITANT RUCHOWY, WYØSZE; 
GπdÛw - Popowice P≥d.;WODECKI BOGDAN  ;58;TECHNIK KOLEJNICTWA ;SPO£ECZNY KOMITET MIESZKA—C”W G•DOWA 
Gaj;BARTOSZKO MICHA£ ANDRZEJ ;35;ADWOKAT ;"STOWARZYSZENIE ""ODR BNA W£ASNOå∆ KRYNICKA 2-52"" "
Gaj;BYSTRY TADEUSZ  ;67;RADCA PRAWNY ;NASZ GAJ 
Gaj;DUSZA MACIEJ JACEK ;72;DR NAUK CHEMICZNYCH ; 
Gaj;JANUSZKIEWICZ ROBERT ARTUR ;43;PRZEDSTAWICIEL, WYØSZE;NASZ GAJ 
Gaj;JANUSZKIEWICZ WOJCIECH KRZYSZTOF ;54;INØYNIER ELEKTRYK ;"STOWARZYSZENIE ""ODR BNA W£ASNOå∆ KRYNICKA 2-52"" "
Gaj;JURKIEWICZ ANNA KATARZYNA ;31;CUKIERNIK ;KANDYDAT NIEZALEØNY 
Gaj;KACZKOWSKI MARCIN MICHA£ ;45;MAGISTER CHEMII ;"STOWARZYSZENIE ""ODR BNA W£ASNOå∆ KRYNICKA 2-52"" "
Gaj;KURZYJAMSKI WOJCIECH MATEUSZ ;39;INFORMATYK ;TOWARZYSTWO UPI KSZANIA MIASTA WROC£AWIA 
Gaj;LEWANDOWSKI KRZYSZTOF KONRAD ;20;åREDNIE ; 
Gaj;LEWANDOWSKI S£AWOMIR PIOTR ;18;GIMNAZJALNE ; 
Gaj;MICHALSKA ZOFIA KRYSTYNA ;67;INØYNIER BUDOWLANY ; 
Gaj;OLSZEWSKI BOLES£AW KRZYSZTOF ;77;INØYNIER ELEKTRYK ;"STOWARZYSZENIE ""ODR BNA W£ASNOå∆ KRYNICKA 2-52"" "
Gaj;PINDRAL ELØBIETA MARTA ;45;PEDAGOG ;NASZ GAJ 
Gaj;RYFA MA£GORZATA GABRIELA ;55;INØYNIER ELEKTRYK;NASZ GAJ 
Gaj;SOLI—SKI ANDRZEJ  ;39;WYØSZE ADMINISTRACYJNE ;NASZ GAJ 
Gaj;WALCZAK WOJCIECH  ;37;INFORMATYK ;NASZ GAJ 
Gaj;WARDECKI JERZY ANTONI ;57;MASZYNISTA POJAZD”W TRAKCYJNYCH ;"STOWARZYSZENIE ""ODR BNA W£ASNOå∆ KRYNICKA 2-52"" "
Gaj;BADZIAK MARIAN  ;82;ØO£NIERZ ZAWODOWY - EMERYT ;"STOW. ""ODR BNA W£ASNOå∆ KRYNICKA 2-52"" "
Gaj;DZIEKAN BARBARA  ;68;KRAWCOWA ;"STOW. ""ODR BNA W£ASNOå∆ KRYNICKA 2-52"" "
Gaj;NAWROT ANDRZEJ  ;73;åREDNIE - EMERYT ;"""NASZ GAJ"" "
Gaj;PULTOWICZ MARIAN  ;65;EMERYT ;"""NASZ GAJ"" "
Gaj;SURMA JAN ADAM ;65;PROGRAMISTA ELEKTRONICZNYCH MASZYN CYFROWYCH ;"STOW. ""ODR BNA W£ASNOå∆ KRYNICKA 2-52"" "
Gaj;URBA—SKI MICHA£  ;36;WYØSZE ;"""NASZ GAJ"" "
Gaj;WYBIERALSKA JOLANTA  ;59;NAUCZYCIEL ;"""NASZ GAJ"" "
Gaj;ZYDOROWICZ STEFAN  ;72;ØO£NIERZ ZAWODOWY - EMERYT ;"STOW. ""ODR BNA W£ASNOå∆ KRYNICKA 2-52"" "
Gaj;CHODACZY—SKI ADAM MIECZYS£AW ;69;EKONOMISTA  ;NASZ GAJ 
Gaj;KAMIE—SKA-LENCZNER DANUTA  ;75;PEDAGOG ;"STOW. ""ODR BNA W£ASNOå∆ KRYNICKA 2-52"" "
Gaj;NAWROTEK PIOTR £UKASZ ;30;PSYCHOLOG ;NASZ GAJ 
Gaj;NOWAKOWSKI J”ZEF  ;80;WYØSZE PRAWNICZE ;"STOW. ""ODR BNA W£ASNOå∆ KRYNICKA 2-52"" "
Gaj;PYTLARZ GRZEGORZ PIOTR ;33;PRAWNIK ;NASZ GAJ 
Gaj;WOJTASZEWSKI ADAM ANDRZEJ ;63;ØO£NIERZ ZAWODOWY ;NASZ GAJ 
Gaj;ZAGRODNIK KAZIMIERZ SZCZEPAN ;69;WYØSZE ;NASZ GAJ 
Gajowice;CHUDZIK JANUSZ  ;48;WYØSZE ZARZ•DZANIE ;WROC£AWSKIE FORUM SAMORZ•DOWE 
Gajowice;DERENOWSKI KRZYSZTOF  ;62; ;WSP”LNIE DLA GAJOWIC 
Gajowice;KESSLER RYSZARD STEFA ;53; ;WSP”LNIE DLA GAJOWIC 
Gajowice;NANKOWSKA KRYSTYNA MARIA ;68; ;WSP”LNIE DLA GAJOWIC 
Gajowice;SPRINGER BRONIS£AWA KAZIMIERA ;75; ;WSP”LNIE DLA GAJOWIC 
Gajowice;TU£A MAGDALENA  ;33;SOCJOLOG ;WSP”LNIE DLA GAJOWIC 
Gajowice;ZALEWSKA STANIS£AWA  ;62;åREDNIE ;POLSKI ZWI•ZEK EMERYT”W, RENCIST”W I INWALID”W 
Gajowice;BOKA£O ANDRZEJ STANIS£AW ;47;EMERYT ; 
Gajowice;JANUSIK MICHA£ PAWE£ ;33;WYØSZE ;BEZPARTYJNY WROC£AW 
Gajowice;KOZ£OWSKA J”ZEFA  ;67;åREDNIE ;WSP”LNIE DLA GAJOWIC 
Gajowice;LEWANDOWSKI BOGDAN  ;51;WYØSZE ;WSP”LNIE DLA GAJOWIC 
Gajowice;MAZUREK KRYSTYNA  ;55;WYØSZE ;WSP”LNIE DLA GAJOWIC 
Gajowice;MIKO£AJEWSKA-JANIACZYK MA£GORZATA ANNA ;56;MAGISTER INØYNIER BUDOWNICTWA ;WSP”LNIE DLA GAJOWIC 
Gajowice;NOCULA RYDZ PATRYCJA ANNA ;30;WYØSZE ;BEZPARTYJNY WROC£AW 
Gajowice;POMIAN PAWE£  ;21;MANAGER DS. PR ;WSP”LNIE DLA GAJOWIC 
Gajowice;RYDZ MARCIN  ;30;LOGISTYK ;BEZPARTYJNY WROC£AW 
Gajowice;SAD£OWSKA-KUCHARSKA EUGENIA TERESA ;81;åREDNIE ;WSP”LNIE DLA GAJOWIC 
Gajowice;S K JAN  ;86;WYØSZE EKONOMICZNE ;WSP”LNIE DLA GAJOWIC 
Gajowice;SW”£ HENRYK  ;75;WYØSZE ;BEZPARTYJNY WROC£AW 
Gajowice;åWIGO— STEFAN ANDRZEJ ;72;MAGISTER PEDAGOG KULTURY OåWIATOWEJ ;WSP”LNIE DLA GAJOWIC 
Gajowice;BOCZKOWSKA JANINA BARBARA ;68;EMERYT ;WSP”LNIE DLA GAJOWIC 
Gajowice;IWANICKI MIROS£AW WALDEMAR ;49;"POLICJANT; PRAWNIK ";WSP”LNIE DLA GAJOWIC 
Gajowice;JARNICKI PAWE£ MACIEJ ;37;DOKTOR NAUK HUMANISTYCZNYCH ; 
Gajowice;KRUK ADAM JERZY ;32;WYØSZE ; 
Gajowice;MAK”WKA JACEK EDWARD ;49;WYØSZE ;WSP”LNIE DLA GAJOWIC 
Gajowice;MURAWSKI ADAM  ;36;MAGISTER ADMINISTRACJI ;WSP”LNIE DLA GAJOWIC 
Gajowice;POPIEL IRENA ZOFIA ;61;INØYNIER BUDOWNICTWA ; 
Gajowice;PUZIO ANDRZEJ  ;70;POLITOLOG ;WSP”LNIE DLA GAJOWIC 
Gajowice;WIåNIEWSKA ANNA  ;58;PEDAGOG ;WSP”LNIE DLA GAJOWIC 
Grabiszyn - Grabiszynek;AMBROZIAK DIANA MAGDALENA ;33;EKONOMISTKA ;LEPSZY GRABISZYN(EK)-LEPSZY WROC£AW! 
Grabiszyn - Grabiszynek;ANDREJEWICZ BEATA CECYLIA ;57;EKONOMISTA ;MIESZKA—CY OSIEDLA - BEZPARTYJNY WROC£AW 
Grabiszyn - Grabiszynek;ANDREJEWICZ W£ADYS£AW  ;62;åREDNIE ;MIESZKA—CY OSIEDLA - BEZPARTYJNY WROC£AW 
Grabiszyn - Grabiszynek;BIEå CZES£AW EDWARD ;58;TECHNIK MECHANIK ;LEPSZY GRABISZYN(EK)-LEPSZY WROC£AW! 
Grabiszyn - Grabiszynek;CHRISOWERGIS MICHA£ EDMUND ;25;STUDENT ; 
Grabiszyn - Grabiszynek;CZERWI—SKI PIOTR PAWE£ ;35;GRAFIK KOMPUTEROWY ;LEPSZY GRABISZYN(EK)-LEPSZY WROC£AW! 
Grabiszyn - Grabiszynek;DOLOT OSKAR DAMIAN ;44;EKOLOG ;LEPSZY GRABISZYN(EK)-LEPSZY WROC£AW, PO 
Grabiszyn - Grabiszynek;DZI•GWA ELØBIETA  ;61;TECHNIK ELEKTROMONTER ;LEPSZY GRABISZYN(EK)-LEPSZY WROC£AW! 
Grabiszyn - Grabiszynek;J DRYSIAK HENRYK  ;66;ELEKTROMECHANIK ;MIESZKA—CY OSIEDLA - BEZPARTYJNY WROC£AW 
Grabiszyn - Grabiszynek;JUNGIEWICZ BARTOSZ LESZEK ;32;MENAGER ;MIESZKA—CY OSIEDLA - BEZPARTYJNY WROC£AW 
Grabiszyn - Grabiszynek;KOPACZ JAKUB STEFAN ;37;HISTORYK ARCHIWISTA ;LEPSZY GRABISZYN(EK)-LEPSZY WROC£AW! 
Grabiszyn - Grabiszynek;KOSIEK ANDRZEJ  ;62;TECHNIK MECHANIK ;LEPSZY GRABISZYN(EK)-LEPSZY WROC£AW! 
Grabiszyn - Grabiszynek;LA FONTAINE MATTHEW AARON ;37;T£UMACZ ;ZIELONY GRABISZYN 
Grabiszyn - Grabiszynek;LUBINIECKA-R”ØY£O KATARZYNA ELØBIETA ;50;URZ DNICZKA ;ZIELONY GRABISZYN 
Grabiszyn - Grabiszynek;MALICKI JAKUB EDWARD ;25;POLITOLOG ; 
Grabiszyn - Grabiszynek;MATOLICZ KRZYSZTOF KLEMENS ;35;INØ. PRODUKCJI ;MIESZKA—CY OSIEDLA - BEZPARTYJNY WROC£AW 
Grabiszyn - Grabiszynek;MOTYLSKA-KOMSTA JOANNA BEATA ;42;SOCJOLOG ; 
Grabiszyn - Grabiszynek;PAW£OWICZ MARCIN BRONIS£AW ;65;NAUCZYCIEL TRENER ;LEPSZY GRABISZYN(EK)-LEPSZY WROC£AW! 
Grabiszyn - Grabiszynek;PURZYC ALINA STANIS£AWA ;70;åREDNIE TECHNICZNE ;MIESZKA—CY OSIEDLA - BEZPARTYJNY WROC£AW 
Grabiszyn - Grabiszynek;SENDEREK BARTOSZ ALEKSANDER ;28;INØYNIER LOTNICZY DZIENNIKARZ ;MIESZKA—CY OSIEDLA 
Grabiszyn - Grabiszynek;SZCZEPANIK MACIEJ £UKASZ ;38;NAUCZYCIEL HISTORII ; 
Grabiszyn - Grabiszynek;SZNAJDER MICHA£  ;36;INØYNIER OPROGRAMOWANIA ;ZIELONY GRABISZYN 
Grabiszyn - Grabiszynek;ZAG”RNA KRYSTYNA  ;72;TECHNIK MECHANIK ;MIESZKA—CY OSIEDLA - BEZPARTYJNY WROC£AW 
Grabiszyn - Grabiszynek;ZAJ•CZKOWSKA BOØENA ELØBIETA ;66;åREDNIE ;MIESZKA—CY OSIEDLA - BEZPARTYJNY WROC£AW 
Grabiszyn - Grabiszynek;ZIELI—SKA TERESA ZOFIA ;64;PEDAGOG ;LEPSZY GRABISZYN(EK)-LEPSZY WROC£AW! 
Grabiszyn - Grabiszynek;BA—CEROWSKA KATARZYNA  ;48;WYØSZE ;LEPSZY GRABISZYN(EK)-LEPSZY WROC£AW! PO 
Grabiszyn - Grabiszynek;BORECKI PAWE£ £UKASZ ;21;åREDNIE ;LEPSZY GRABISZYN(EK)-LEPSZY WROC£AW! PO 
Grabiszyn - Grabiszynek;CHAR£AMPOWICZ SYLWIA DOROTA ;27;WYØSZE ;LEPSZY GRABISZYN(EK)-LEPSZY WROC£AW! PO 
Grabiszyn - Grabiszynek;DALESZY—SKA ANNA KRYSTYNA ;42;EKONOMISTA ;S£UCHAMY DZIA£AMY MIESZKANKI GRABISZYNKA 
Grabiszyn - Grabiszynek;KOSTRZEWA-ØO£NIERZ MARIA JAGODA ;61;WYØSZE ;LEPSZY GRABISZYN(EK)-LEPSZY WROC£AW! PO 
Grabiszyn - Grabiszynek;MAKOWSKI RYSZARD MAKSYMILIAN ;69;INØYNIER MECHANIK ;WROC£AWSKIE FORUM SAMORZ•DOWE 
Grabiszyn - Grabiszynek;P£AWNICKA JANINA DOROTA ;57;PRAWNIK ;LEPSZY GRABISZYN(EK)-LEPSZY WROC£AW! PO 
Grabiszyn - Grabiszynek;PYKA MA£GORZATA BOGUMI£A ;41;PSYCHOLOG ;S£UCHAMY DZIA£AMY MIESZKANKI GRABISZYNKA 
Grabiszyn - Grabiszynek;SMARDZ WIOLETTA ANNA ;42;KSI GOWA ;S£UCHAMY DZIA£AMY MIESZKANKI GRABISZYNKA 
Grabiszyn - Grabiszynek;STANIMIR AGNIESZKA MARIA ;44;NAUCZYCIEL AKADEMICKI / WYK£ADOWCA ;S£UCHAMY DZIA£AMY MIESZKANKI GRABISZYNKA 
Grabiszyn - Grabiszynek;SUBZDA MA£GORZATA  ;42;POLITOLOG ;S£UCHAMY DZIA£AMY MIESZKANKI GRABISZYNKA 
Grabiszyn - Grabiszynek;SZUMIELEWICZ MARTA  ;38;ORTODONTA ;S£UCHAMY DZIA£AMY MIESZKANKI GRABISZYNKA 
Grabiszyn - Grabiszynek;WERESZKO WOJCIECH MACIEJ ;22;STUDENT ; 
Grabiszyn - Grabiszynek;W”JCIK WALDEMAR KRZYSZTOF ;61;WYØSZE ;LEPSZY GRABISZYN(EK)-LEPSZY WROC£AW! PO 
Huby;LIPI—SKI PIOTR KRZYSZTOF ;24;STUDENT ;PRZYJAZNE OSIEDLE - BEZPARTYJNY WROC£AW 
Huby;PIEKARUK CZES£AW  ;51;FORMIERZ ;NASZE HUBY 
Huby;PRZYBYSZEWSKI PIOTR IRENEUSZ ;51;WYØSZE ;PRZYJAZNE OSIEDLE - BEZPARTYJNY WROC£AW 
Huby;SOCHA JAN  ;62;WYØSZE ;NASZE HUBY 
Huby;STAWOWCZYK MICHA£ OSKAR ;25;åREDNIE ;NASZE HUBY 
Huby;SZAFRA—SKA SYLWIA ANNA ;44;åREDNIE ;NASZE HUBY 
Huby;WAGNER ROBERT ALFRED ;41;SPECJALISTA DS. SPRZEDAØY ; 
Huby;WASILEWSKA JADWIGA IWONA ;54;TECHNIK ADMINISTRACJI ; 
Huby;W£ODARSKA URSZULA  ;61;WYØSZE ;NASZE HUBY 
Huby;WYSOCZA—SKI STANIS£AW  ;32;åREDNIE ;PRZYJAZNE OSIEDLE-BEZPARTYJNY WROC£AW 
Huby;ZALEWSKI KRZYSZTOF  ;41;WYØSZE ;NASZE HUBY 
Huby;HELI—SKA MARIA JOLANTA ;56;WYØSZE ;NASZE HUBY 
Huby;KUBERSKA HALINA TERESA ;67;EMERYTKA ;NASZE HUBY 
Huby;KULIG KRZYSZTOF PIOTR ;32;EKONOMISTA ; 
Huby;MIEDZI—SKA EWA MARIA ;66;WYØSZE ;NASZE HUBY 
Huby;SZEMERDA ILONA MONIKA ;43;T£UMACZ PRZYSI G£Y ; 
Huby;SZOPA ANDRZEJ  ;54;WYØSZE ;NASZE HUBY 
Huby;W£ODARCZYK MONIKA  ;43;WYØSZE ; 
Huby;BOROWSKI MACIEJ  ;49;WYØSZE ;NASZE HUBY 
Huby;CIENIAWSKI MATEUSZ ROBERT ;27;WYØSZE ; 
Huby;MADEJ BARBARA  ;61;åREDNIE ;NASZE HUBY 
Huby;MILCZANOWSKA ANGELIKA  ;27;NAUCZYCIEL ; 
Huby;NOSOWICZ JAN  ;78;WYØSZE ;NASZE HUBY 
Huby;SIKORA PATRYCJA MARIA ;22;WYØSZE ;NASZE HUBY 
Huby;SKWARKA WANDA FRANCISZKA ;65;EMERYT ; 
Jagodno;ADKONIS SEBASTIAN PIOTR ;40;MAGISTER INØYNIER KSZTA£TOWANIA TEREN”W ZIELENI ; 
Jagodno;BENSARI AGATA ELØBIETA ;48;SPECJALISTA DS. SPRZEDAØY ; 
Jagodno;CELI—SKA SYLWIA MARIOLA ;41;EKONOMISTA ; 
Jagodno;DAROCH PAWE£ JANUSZ ;41;AUDYTOR ; 
Jagodno;FRANKOWSKA AGNIESZKA  ;44;TECHNIK ODZIEØOWY ; 
Jagodno;GAW SKA-D•BROWSKA ANNA JADWIGA ;52;MANAGER ; 
Jagodno;IWANIUK MARCIN WOJCIECH ;36;INFORMATYK/PROGRAMISTA ; 
Jagodno;KARLI—SKA AGNIESZKA KAMILA ;41;PODINSPEKTOR DS. LEåNICTWA I OCHRONY PRZYRODY ;BEZPARTYJNY WROC£AW 
Jagodno;K PA GRAØYNA TERESA ;57;EKONOMISTKA ; 
Jagodno;KLISOWSKA IZABELA DELFINA ;43;PRAWNIK ; 
Jagodno;KONIECZNA MA£GORZATA  ;46;PRAWNIK ; 
Jagodno;KOåCI—SKI £UKASZ  ;32;PRAWNIK ; 
Jagodno;KOWALSKA MARIA KRYSTYNA ;62;TECHNIK EKONOMISTA ; 
Jagodno;£UKASZEWICZ-S£AWI—SKA ANIELA  ;75;PRAWNIK ; 
Jagodno;OSSOWSKI GRZEGORZ  ;40;DZIENNIKARZ ; 
Jagodno;PETRYSZYN ARKADIUSZ ADAM ;31;PRAWNIK/KONSULTANT IT ; 
Jagodno;WATEMBORSKA MAGDALENA TERESA ;35;WYØSZE ; 
Jagodno;WIåNIEWSKA JADWIGA BOØENA ;48;ZARZ•DCA NIERUCHOMOåCI ; 
Jagodno;ZDRZA£KA BARTOSZ JAROMIR ;31;MAGISTER ADMINISTRACJI ; 
Jagodno;ØAK TOMASZ STANIS£AW ;38;MAGISTER INØYNIER BUDOWNICTWA ; 
Jerzmanowo - Jarno≥tÛw - Strachowice - Osiniec;BARA—SKI JAROS£AW ANDRZEJ ;49;PRZEDSI BIORCA ; 
Jerzmanowo - Jarno≥tÛw - Strachowice - Osiniec;D•BROWSKA ZOFIA  ;69;WYØSZE ; 
Jerzmanowo - Jarno≥tÛw - Strachowice - Osiniec;DRELICHOWSKI W£ADYS£AW MARIAN ;73;TECHNIK BUDOWLANY ; 
Jerzmanowo - Jarno≥tÛw - Strachowice - Osiniec;IZDEBSKI MACIEJ RYSZARD ;50;INFORMATYK ; 
Jerzmanowo - Jarno≥tÛw - Strachowice - Osiniec;JURCZYK DANUTA  ;51;PRZEDSZKOLANKA ; 
Jerzmanowo - Jarno≥tÛw - Strachowice - Osiniec;KASJAN WIES£AW ZBIGNIEW ;55;STRAØAK ; 
Jerzmanowo - Jarno≥tÛw - Strachowice - Osiniec;K DZIOR JERZY ADAM ;60;RENCISTA ; 
Jerzmanowo - Jarno≥tÛw - Strachowice - Osiniec;MAJECKA BEATA KATARZYNA ;55;TECHNIK EKONOMISTA ; 
Jerzmanowo - Jarno≥tÛw - Strachowice - Osiniec;MAJECKI GRZEGORZ KAZIMIERZ ;33;åREDNIE ; 
Jerzmanowo - Jarno≥tÛw - Strachowice - Osiniec;MALICKA AGNIESZKA  ;42;PIEKARZ ; 
Jerzmanowo - Jarno≥tÛw - Strachowice - Osiniec;OWCZAREK TADEUSZ JERZY ;64;ENERGETYK ; 
Jerzmanowo - Jarno≥tÛw - Strachowice - Osiniec;POLAK AGNIESZKA SYLWIA ;43;PRZEDSI BIORCA ; 
Jerzmanowo - Jarno≥tÛw - Strachowice - Osiniec;POPECKI JACEK JERZY ;69;åREDNIE ROLNICZE ; 
Jerzmanowo - Jarno≥tÛw - Strachowice - Osiniec;RAK ZOFIA ELØBIETA ;67;EMERYT ; 
Jerzmanowo - Jarno≥tÛw - Strachowice - Osiniec;SILINGIEWICZ JOLANTA MA£GORZATA ;56;EKONOMISTA ; 
Jerzmanowo - Jarno≥tÛw - Strachowice - Osiniec;STRZELECKI S£AWOMIR ROMAN ;50;URZ DNIK ; 
Jerzmanowo - Jarno≥tÛw - Strachowice - Osiniec;ØE£UBOWSKI DARIUSZ ADAM ;52;PRZEDSI BIORCA ; 
Jerzmanowo - Jarno≥tÛw - Strachowice - Osiniec;ØYGAD£O ALFRED  ;65;EMERYT ; 
Kar≥owice - RÛøanka;BORZYMOWSKA BARBARA ANNA ;58;PSYCHOLOG;ZIELONY WROC£AW 
Kar≥owice - RÛøanka;DO£ GA PIOTR TOMASZ ;26;KONSULTANT SYSTEM”W ERP ;BEZPARTYJNY WROC£AW - KAR£OWICE 
Kar≥owice - RÛøanka;DZIEDZIC MAREK MIECZYS£AW ;34;INØYNIER DèWI KU ;BEZPARTYJNY WROC£AW - KAR£OWICE 
Kar≥owice - RÛøanka;LIPI—SKI MARIUSZ  ;38;INØYNIER MECHANIK ; 
Kar≥owice - RÛøanka;MAZELA EWA  ;59;MAGISTER FILOZOFII ; 
Kar≥owice - RÛøanka;POKORNY BARBARA TERESA ;50;DYREKTOR ; 
Kar≥owice - RÛøanka;SALAMON ANNA GRAØYNA ;46;PSYCHOLOG ;ZIELONY WROC£AW 
Kar≥owice - RÛøanka;SOJA JOANNA DARIA ;29;INTERNACJOLOG ; 
Kar≥owice - RÛøanka;TARNOWSKA JANINA  ;55;LEåNIK ; 
Kar≥owice - RÛøanka;URBANIAK MAGDALENA ANNA ;31;OPTOMETRYSTKA ; 
Kar≥owice - RÛøanka;W•SOWSKI MAREK MACIEJ ;58;INØYNIER TRANSPORTU ;ZIELONY WROC£AW 
Kar≥owice - RÛøanka;JARMUSZ MA£GORZATA  ;21;STUDENT ;NASZE OSIEDLE KAR£OWICE-R”ØANKA 
Kar≥owice - RÛøanka;KRUPA RADOS£AW  ;21;STUDENT ; 
Kar≥owice - RÛøanka;LIS IRENA JULIA ;61;åREDNIE ; 
Kar≥owice - RÛøanka;LURANIEC MARCIN ROBERT ;27;DZIENNIKARZ ;NASZE OSIEDLE KAR£OWICE-R”ØANKA 
Kar≥owice - RÛøanka;MAåLANKA GRZEGORZ SEBASTIAN ;37;URZ DNIK ;KAR£OWICE - BEZPARTYJNY WROC£AW 
Kar≥owice - RÛøanka;PIE—KOWSKI STANIS£AW LUCJAN ;21;STUDENT ;NASZE OSIEDLE KAR£OWICE-R”ØANKA 
Kar≥owice - RÛøanka;SUCHOØEBRSKA EWA  ;42;MAGISTER ZARZ•DZANIA I PRZEDSI BIORCZOåCI ;KAR£OWICE - BEZPARTYJNY WROC£AW 
Kar≥owice - RÛøanka;DZIOBA DOROTA HELENA ;42;MAGISTER OCHRONY åRODOWISKA ;KAR£OWICE - BEZPARTYJNY WROC£AW 
Kar≥owice - RÛøanka;KLIMKOWSKA KATARZYNA HELENA ;26;MENEDØER ;NASZE OSIEDLE KAR£OWICE-R”ØANKA 
Kar≥owice - RÛøanka;KOREDCZUK WOJCIECH J”ZEF ;26;WYØSZE ; 
Kar≥owice - RÛøanka;LUZAR DOROTA IRENA ;23;STUDENT ;NASZE OSIEDLE KAR£OWICE-R”ØANKA 
Kar≥owice - RÛøanka;MARCINKOWSKA AGNIESZKA  ;44;MAGISTER INØYNIER OCHRONY åRODOWISKA ;KAR£OWICE - BEZPARTYJNY WROC£AW 
Kar≥owice - RÛøanka;NIEMCZYK JAN  ;35;MAGISTER INØYNIER ARCHITEKT ;KAR£OWICE - BEZPARTYJNY WROC£AW 
Kar≥owice - RÛøanka;OBUCHOWICZ-SAWICZ ALEKSANDRA KINGA ;35;ARCHIWISTKA ;KAR£OWICE - BEZPARTYJNY WROC£AW 
Kar≥owice - RÛøanka;PUåLECKA HANNA  ;28;OPTYK ; 
Kar≥owice - RÛøanka;åWIERCZY—SKI MATEUSZ  ;23;STUDENT ;NASZE OSIEDLE KAR£OWICE-R”ØANKA 
Kar≥owice - RÛøanka;ZAPOROWSKI MICHA£ KAROL ;53;RZEMIEåLNIK ;NASZE OSIEDLE KAR£OWICE-R”ØANKA 
Kar≥owice - RÛøanka;KACZKOWSKA MAGDALENA  ;39;PRAWNIK ;NASZE OSIEDLE 
Kar≥owice - RÛøanka;KOZ£OWSKI HENRYK  ;72;WYØSZE PRAWNICZE ;NASZE OSIEDLE KAR£OWICE-R”ØANKA 
Kar≥owice - RÛøanka;KRZYKOWSKI MARCIN BOGDAN ;44;POLITOLOG ;NASZE OSIEDLE 
Kar≥owice - RÛøanka;£UKOWSKI JAN  ;70;EMERYT ;NASZE OSIEDLE KAR£OWICE-R”ØANKA 
Kar≥owice - RÛøanka;MALEC AGNIESZKA  ;41;DZIENNIKARZ ;NASZE OSIEDLE 
Kar≥owice - RÛøanka;MILEWSKI EDWARD  ;74;EMERYT ;NASZE OSIEDLE KAR£OWICE-R”ØANKA 
Kar≥owice - RÛøanka;POROWSKI PIOTR JAN ;60;åREDNIE ;NASZE OSIEDLE KAR£OWICE-R”ØANKA 
Kar≥owice - RÛøanka;RAWSKA DAGMARA ANNA ;41;PRAWNIK ; 
Kar≥owice - RÛøanka;SKOWRON MARIOLA  ;53;STUDIUM EKONOMICZNE ;NASZE OSIEDLE KAR£OWICE-R”ØANKA 
Kar≥owice - RÛøanka;WOJTASIK WOJCIECH WINCENTY ;48;MECHANIK ;NASZE OSIEDLE
Kar≥owice - RÛøanka;FIGASZEWSKA KATARZYNA AGNIESZKA ;34;PRAWNIK ; 
Kar≥owice - RÛøanka;GAJDECKI PAWE£ GRZEGORZ ;32;KIEROWNIK MAGAZYNU I SERWISU;NASZE OSIEDLE KAR£OWICE-R”ØANKA 
Kar≥owice - RÛøanka;J”ZEFIAK JAKUB ANDRZEJ ;18;UCZE— ;"""NASZE OSIEDLE"" "
Kar≥owice - RÛøanka;KACZKOWSKI £UKASZ HENRYK ;39;PRAWNIK ;NASZE OSIEDLE 
Kar≥owice - RÛøanka;KLAMKA ARTUR JAN ;53;WYØSZE ; 
Kar≥owice - RÛøanka;£ACINA IRENA TERESA ;66;KUCHARZ ;NASZE OSIEDLE KAR£OWICE-R”ØANKA 
Kar≥owice - RÛøanka;OLSZEWSKI WOJCIECH ZBIGNIEW ;44;POLITOLOG ;NASZE OSIEDLE KAR£OWICE-R”ØANKA 
Kar≥owice - RÛøanka;SOBOCI—SKI JAN  ;68;WYØSZE DOKTORANCKIE ;NASZE OSIEDLE KAR£OWICE-R”ØANKA 
Kar≥owice - RÛøanka;ZABOR ADAM  ;22;EKONOMISTA ;NASZE OSIEDLE KAR£OWICE-R”ØANKA 
Kar≥owice - RÛøanka;ZANKOWSKI PRZEMYS£AW  ;44;EKONOMISTA ;"""NASZE OSIEDLE"" "
Klecina;CZ•STKIEWICZ EWA LIDIA ;59;KSI GOWA ;DOBRO WSP”LNE KLECINA 
Klecina;DRAS-CHMIELEWSKA AGATA JUSTYNA ;36;WYØSZE ;NA KLECINIE 
Klecina;DRZEWIECKA ZOFIA  ;69;KSI GOWA ;DOBRO WSP”LNE KLECINA 
Klecina;GAWI—SKI IRENEUSZ ZYGMUNT ;41;åREDNIE ;NA KLECINIE 
Klecina;HAUZER MONIKA MA£GORZATA ;43;WYØSZE ;NA KLECINIE 
Klecina;HELIASZ KATARZYNA AGNIESZKA ;42;åREDNIE ;NA KLECINIE 
Klecina;HUZARSKA ANNA  ;65;KELNER ;DOBRO WSP”LNE KLECINA 
Klecina;JEDYNAK EUGENIA  ;67;TECHNIK EKONOMISTA ;DOBRO WSP”LNE KLECINA 
Klecina;KICZAK LILIANA  ;45;WYØSZE ;NA KLECINIE 
Klecina;KOLPENICKA RENATA ANNA ;45;WYØSZE ;NA KLECINIE 
Klecina;KRUKOWSKI MAREK  ;70;INØYNIER G”RNIK ;DOBRO WSP”LNE KLECINA 
Klecina;KUREK AGNIESZKA  ;78;PIEL GNIARKA ;DOBRO WSP”LNE KLECINA 
Klecina;LAUNER-KUBIK JOANNA MA£GORZATA ;42;WYØSZE ;NA KLECINIE 
Klecina;LE—CZYK MACIEJ ADAM ;22;åREDNIE ;NA KLECINIE 
Klecina;MACIEJEWSKI HENRYK J”ZEF ;50;WYØSZE ;NA KLECINIE 
Klecina;MAGNOWSKI WINCENTY  ;77;INØYNIER INSTALACJI SANITARNYCH ;DOBRO WSP”LNE KLECINA 
Klecina;MICHALEWSKI ZBIGNIEW  ;64;ROLNIK ;DOBRO WSP”LNE KLECINA 
Klecina;PELC WIKTOR MIKO£AJ ;44;PRACOWNIK BIUROWY ;DOBRO WSP”LNE KLECINA 
Klecina;PIECHOTA JUSTYNA MARTA ;59;EKONOMISTA ;DOBRO WSP”LNE KLECINA 
Klecina;SAWICKA KRYSTYNA MARIA ;19;UCZE— ;DOBRO WSP”LNE KLECINA 
Klecina;SORSA EWA GRAØYNA ;64;HANDLOWIEC ;DOBRO WSP”LNE KLECINA 
Klecina;STRYJAK RAFA£ MARIAN ;47;EKONOMISTA ;DOBRO WSP”LNE KLECINA 
Klecina;TYLMAN KRYSTYNA  ;60;åREDNIE ;NA KLECINIE 
Klecina;WAJDA BARBARA KINGA ;50;WYØSZE ;NA KLECINIE 
Klecina;WAJDA GRZEGORZ JAN  ;54;WYØSZE ;NA KLECINIE 
Klecina;WALKOWIAK RAFA£ MARCIN ;34;PROJEKTANT DR”G ;DOBRO WSP”LNE KLECINA 
Klecina;ZAPART REGINA EWA ;58;PRACOWNIK BIUROWY ;DOBRO WSP”LNE KLECINA 
KleczkÛw;CHABIER MARCIN MARIUSZ ;33;POLITOLOG, PRZEDSI BIORCA ;BEZPARTYJNY WROC£AW 
KleczkÛw;DYDACKI RYSZARD J”ZEF ;50;åREDNIE ; 
KleczkÛw;IBRON EWA  ;62;åREDNIE ; 
KleczkÛw;IBRON KATARZYNA  ;39;WYØSZE ; 
KleczkÛw;KOSO— URSZULA  ;66;TECHNIK ; 
KleczkÛw;MAKUL JOANNA  ;44;SALOWA ; 
KleczkÛw;MIDEK PIOTR  ;49;TAPICER ; 
KleczkÛw;MORAWSKA MARIA IWONA ;61;åREDNIE ; 
KleczkÛw;MR”Z MA£GORZATA BOØENA ;64;åREDNIE ; 
KleczkÛw;OLEJNICZAK ELØBIETA MARIA ;63;KSI GOWA ; 
KleczkÛw;OLEJNICZAK RAFA£ KRZYSZTOF ;24;WYØSZE ; 
KleczkÛw;PIKUS ZBIGNIEW ANTONI ;64;åREDNIE ; 
KleczkÛw;PIOTROWICZ PAWE£ WOJCIECH ;39;åREDNIE ; 
KleczkÛw;RODZIK AGNIESZKA KAROLINA ;19;UCZENNICA ; 
KleczkÛw;RODZIK BARBARA  ;46;WYØSZE ; 
KleczkÛw;RODZIK GRZEGORZ JANUSZ ;22;åREDNIE ; 
KleczkÛw;ROZWANDOWICZ IRENA MARIA ;69;EMERYT ; 
KleczkÛw;SZCZYTKO REMIGIUSZ  ;25;POLITOLOG ;#LEPSZY KLECZK”W 
Kowale;DOBRUCKI RADOS£AW TOMASZ ;39; ;KOWALE+ 
Kowale;FURMA—SKA ELØBIETA  ;62;åREDNIE TECHNICZNE ;KOWALE+ 
Kowale;GARBACZ MARTA HELENA ;37;WYØSZE ;KOWALE+ 
Kowale;JAK”B MAREK W£ADYS£AW ;55;INØYNIER BUDOWNICTWA ;KOWALE+ 
Kowale;KAZIMIEROWICZ ARTUR STANIS£AW ;49;TECHNIK MECHANIZACJI ROLNICTWA ;KOWALE+ 
Kowale;LEWANDOWSKA MARIA ANNA ;64;LICENCJAT ZARZ•DZANIA ;KOWLAE+ 
Kowale;MATUSZAK KATARZYNA ELØBIETA ;19;UCZENNICA ;KOWALE+ 
Kowale;MATUSZAK MACIEJ LESZEK ;22;STUDENT ;KOWALE+ 
Kowale;MICKIEWICZ MARZENA EWA ;56;PRACOWNIK SAMORZ•DOWY ;KOWALE+ 
Kowale;MIERZEJEWSKI MICHA£ MARCIN ;39;INØYNIER OCHRONY åRODOWISKA ;KOWALE+ 
Kowale;PIETRU—KO MACIEJ PIOTR ;23;STUDENT ;WROC£AWSKIE FORUM SAMORZ•DOWE 
Kowale;ROSOWSKI ANDRZEJ  ;42;TECHNIK ELEKTRONIK ;KOWALE+ 
Kowale;TROJAK RENATA ELØBIETA ;60;INØYNIER MECHANIK ;KOWALE+ 
Kowale;UCINEK SEBASTIAN CEZARY ;45;INØYNIER MECHANIK ;KOWALE+ 
Kowale;WIERZBO£OWSKA WANDA  ;65;EKONOMISTA-TECHNIK ;KOWALE+ 
Kowale;W£ODARSKI ARKADIUSZ  ;39;URZ DNIK ;KOWALE+ 
Kowale;WOLAK MACIEJ ALEKSANDER ;24;STUDENT ;KOWALE+ 
Kowale;WYPART AGNIESZKA BARBARA ;40;SPECJALISTA ASP ;KOWALE+ 
Kowale;ØUK MAREK W£ODZIMIERZ ;57;MANAGER ;KOWALE+ 
Krzyki - Partynice;BACHMI—SKA ALICJA DOMINIKA ;34;MGR INØ. ARCHITEKT ; 
Krzyki - Partynice;BIGOS MARIUSZ TOMASZ ;52;INØYNIER MECHANIK ;NASZE OSIEDLE KRZYKI-PARTYNICE 
Krzyki - Partynice;BUTWICKI ROBERT MIROS£AW ;52;W£ASNA DZIA£ALNOå∆ ;MOJE KRZYKI- PARTYNICE 
Krzyki - Partynice;CHUDY STANIS£AW GRZEGORZ ;55;ARCHITEKT KRAJOBRAZU ;NASZE OSIEDLE KRZYKI-PARTYNICE 
Krzyki - Partynice;DOMAGA£A ADAM S£AWOMIR ;39;INFORMATYK ;NASZE OSIEDLE KRZYKI-PARTYNICE 
Krzyki - Partynice;DOMASZEWICZ JADWIGA JOLANTA ;63;WYØSZE - MGR SZTUKI ;NASZE OSIEDLE KRZYKI-PARTYNICE 
Krzyki - Partynice;FURTAK-POBROTYN JOANNA MARTA ;45;STOMATOLOG ; 
Krzyki - Partynice;JARACZ MARIA  ;75;HANDLOWIEC ;NASZE OSIEDLE KRZYKI-PARTYNICE 
Krzyki - Partynice;JOD£OWSKA-ØAK BARBARA  ;56;WYØSZE ; 
Krzyki - Partynice;SIEDL CZKA ANNA MA£GORZATA ;49;åREDNIE ;MOJE KRZYKI-PARTYNICE 
Krzyki - Partynice;SZ£APKA KRZYSZTOF ZBIGNIEW ;23;WYØSZE ; 
Krzyki - Partynice;WOèNY BARTOSZ SERGIUSZ ;26;SPECJALISTA UBEZPIECZENIOWO-FINANSOWY ; 
Krzyki - Partynice;BURAK IZABELA KATARZYNA ;28;KSI GOWA ;KOMITET POPARCIA PRZEMYS£AWA GRUCY 
Krzyki - Partynice;CEDRO MATEUSZ JACEK ;22;TECHNIK INFORMATYK ;KOMITET POPARCIA PRZEMYS£AWA GRUCY 
Krzyki - Partynice;CHUDZICKA MONIKA  ;32;KSI GOWA ;KOMITET WYBORCZY ÑPRZYJAZNE OSIEDLAî 
Krzyki - Partynice;DOJLIDO BARBARA KRYSTYNA ;67;EKONOMISTA ;KOMITET WYBORCZY ÑPRZYJAZNE OSIEDLAî 
Krzyki - Partynice;DUDEK DANUTA  ;70;EKONOMISTA ;KOMITET WYBORCZY ÑPRZYJAZNE OSIEDLAî 
Krzyki - Partynice;FERENC ANTONI  ;70;TECHNIK MECHANIK ;KOMITET WYBORCZY ÑPRZYJAZNE OSIEDLAî 
Krzyki - Partynice;G SIAK-PI•TKOWSKA KRYSTYNA HALINA ;66;NAUCZYCIEL ;NASZE OSIEDLE KRZYKI-PARTYNICE
Krzyki - Partynice;GRUCA PRZEMYS£AW WITOLD ;27;NAUCZYCIEL ;KOMITET POPARCIA PRZEMYS£AWA GRUCY 
Krzyki - Partynice;INOROWICZ DANIELA  ;65;ADMINISTRATYWISTKA ;KOMITET WYBORCZY ÑPRZYJAZNE OSIEDLAî 
Krzyki - Partynice;KANIASTY EUGENIUSZ MAREK ;69;ENERGETYK ;KOMITET WYBORCZY ÑPRZYJAZNE OSIEDLAî 
Krzyki - Partynice;KWIECIE— MIECZYS£AW  ;74;MECHANIK ;KOMITET WYBORCZY ÑPRZYJAZNE OSIEDLAî 
Krzyki - Partynice;MATECKI IWO KAROL ;35;WYØSZE ; 
Krzyki - Partynice;MICHALSKA ALICJA  ;72;INØYNIER URZ•DZE— SANITARNYCH ;KOMITET WYBORCZY ÑPRZYJAZNE OSIEDLAî 
Krzyki - Partynice;OLEJNIK BEATA JOANNA ;27;PRAWNIK ;KOMITET POPARCIA PRZEMYS£AWA GRUCY 
Krzyki - Partynice;OP£OCKA URSZULA  ;54;DYREKTOR SZKO£Y ;KOMITET POPARCIA PRZEMYS£AWA GRUCY 
Krzyki - Partynice;PI•TKOWSKI WOJCIECH JAKUB ;36;INFORMATYK ;
Krzyki - Partynice;PISZEL ANDRZEJ JUSTYN ;68;INFORMATYK ;KOMITET WYBORCZY ÑPRZYJAZNE OSIEDLAî 
Krzyki - Partynice;SUPERSON-WINKOWSKA AGNIESZKA ZOFIA ;34;RADCA PRAWNY ; 
Krzyki - Partynice;SYCZ TERESA  ;56;MENADØER ; 
Krzyki - Partynice;SZCZEPARA £UKASZ  ;32;SPECJALISTA DS. PUBLIC RELATIONS ;KOMITET POPARCIA PRZEMYS£AWA GRUCY 
Krzyki - Partynice;SZOSLER KAZIMIERZ MARIAN ;80;ELEKTRYK ;KOMITET WYBORCZY ÑPRZYJAZNE OSIEDLAî 
Krzyki - Partynice;URBA—SKI FLORIAN JOHANNES ;36;WYØSZE ;KOMITET POPARCIA PRZEMYS£AWA GRUCY 
Krzyki - Partynice;WINKOWSKI MARCIN  ;38;ARCHITEKT ; 
Krzyki - Partynice;WOJTERA MARCIN  ;23;STUDENT ;NASZE OSIEDLE KRZYKI-PARTYNICE
Krzyki - Partynice;WOJTYCZKA AGNIESZKA  ;32;FIZJOTERAPEUTA ;KOMITET POPARCIA PRZEMYS£AWA GRUCY 
Krzyki - Partynice;ØAK MARIAN  ;70;EMERYT ;
KsiÍøe;BRY£KA S£AWOMIR  ;31;WYØSZE ; 
KsiÍøe;BRY£KA TERESA MARIA ;60;RENCISTKA ; 
KsiÍøe;CHOINKA BARBARA MA£GORZATA ;39;WYØSZE ; 
KsiÍøe;DEMK”W KRZYSZTOF  ;51;MECHANIK SAMOCHODOWY ; 
KsiÍøe;FIGIEL FRANCISZEK JERZY ;33;WYØSZE ; 
KsiÍøe;FORTUNA MARZENA  ;43;KRAWCOWA ; 
KsiÍøe;JOD£OWSKI DARIUSZ JAN ;55;åREDNIE ; 
KsiÍøe;JURASZ WIES£AW EDWARD ;59;EKONOMISTA ; 
KsiÍøe;KLISZCZAK JACEK ADAM ;64;åREDNIE ; 
KsiÍøe;K£ODNICKI WALDEMAR JACEK ;66;WYØSZE ; 
KsiÍøe;KMIE∆ ARKADIUSZ JULIAN ;32;DORADCA TECHNICZNY ; 
KsiÍøe;KRAWC”W MAREK  ;45;WYØSZE ; 
KsiÍøe;KUCZYKOWSKI RAFA£ JAN ;36;WYØSZE ; 
KsiÍøe;£ABUDA IRENEUSZ £UKASZ ;66;INØYNIER G”RNIK ; 
KsiÍøe;M•CARZ DARIUSZ  ;28;MENEDØER KULTURY ; 
KsiÍøe;R KAWIK ROBERT MARIAN ;51;åREDNIE ; 
KsiÍøe;STUDNIARCZYK WITOLD JAN ;55;TRENER SPADOCHRONOWY ; 
KsiÍøe;TRZCI—SKA EWA BARBARA ;60;EMERYTKA ; 
KsiÍøe;ZDANOWICZ ZOFIA ANTONINA ;56;åREDNIE ; 
Kuüniki;BISKUP WOJCIECH BOGDAN ;37;WYØSZE ;NASZE-KUèNIKI 
Kuüniki;DUCZEMI—SKI DARIUSZ  ;40;MECHANIK SAMOCHODOWY ;NASZE-KUèNIKI 
Kuüniki;JAKUBOWSKA STANIS£AWA  ;63;EMERYTKA ;NASZE-KUèNIKI 
Kuüniki;NOWAKOWSKA PATRYCJA EWA ;38;PEDAGOG ;KUèNIKI WROC£AW 
Kuüniki;PERS MICHA£ TOMASZ ;32;PRAWNIK ; 
Kuüniki;RACHALEWSKA £UCJA  ;70;EMERTYKA ;NASZE-KUèNIKI 
Kuüniki;SOBCZY—SKA-BARON RENATA  ;64;EMERYTKA ;NASZE-KUèNIKI 
Kuüniki;BOØEK DOROTA  ;56;TECHNIK ADMINISTRACJI ;NASZE KUèNIKI 
Kuüniki;DZIEKAN WALDEMAR  ;42;åREDNIE ;NASZE KUèNIKI 
Kuüniki;GARBICZ ADAM  ;44;åREDNIE TECHNICZNE ;NASZE KUèNIKI 
Kuüniki;GROCHOLSKI STANIS£AW  ;69;EMERYT ;NASZE KUèNIKI 
Kuüniki;HABA HENRYK  ;74;EMERYT ;NASZE KUèNIKI 
Kuüniki;J DRYCHA MARIA  ;78;EMERYTKA ;NASZE KUèNIKI 
Kuüniki;POTACZEK DANUTA  ;66;EMERYTKA ;NASZE KUèNIKI 
Kuüniki;ST PIE— ELØBIETA  ;67;EMERYTKA ;NASZE KUèNIKI 
Kuüniki;SUTKOWSKI ZYGMUNT  ;81;EMERYT ;NASZE KUèNIKI 
Kuüniki;W”JCIK BOØENA  ;61;TECHNIK BUDOWLANY ;NASZE KUèNIKI 
Leúnica;BARSKI JACEK DIONIZY ;52;INFORMATYK ;RAZEM DLA OSIEDLI 
Leúnica;JANCZAK DAMIAN  ;31;URBANISTA ;RAZEM DLA OSIEDLI 
Leúnica;K SO— ARKADIUSZ TOMASZ ;39;PRACOWNIK BIUROWY DZIA£U LOGISTYKI ;#LEPSZA LEåNICA 
Leúnica;KU£ACZ JAN ANDRZEJ ;59;ELEKTRONIK ;RAZEM DLA OSIEDLI 
Leúnica;MIEDZI—SKA ELØBIETA  ;65;URZ DNIK ADMINISTRACJI-EMERYT ;RAZEM DLA OSIEDLI 
Leúnica;PIELA BRONIS£AW  ;68;åLUSARZ-EMERYT ;RAZEM DLA OSIEDLI 
Leúnica;PIETRO—SKA ANNA MARIA ;39;ADWOKAT ;#LEPSZA LEåNICA 
Leúnica;PISKORSKI J”ZEF  ;62;URZ DNIK ADMINISTRACJI ;RAZEM DLA OSIEDLI 
Leúnica;RUSINEK MARIUSZ JERZY ;44;INØYNIER BUDOWNICTWA ;PARTIA ZIELONI 
Leúnica;RYDZ SEBASTIAN TOMASZ ;28;PRZEDSI BIORCA ; 
Leúnica;SKRYPAK KRZYSZTOF  ;52;SPECJALISTA DS. SPRZEDAØY ;RAZEM DLA OSIEDLI 
Leúnica;åNIEØEK MATEUSZ £UKASZ ;30;FIZJOTERAPEUTA ;RAZEM DLA OSIEDLI 
Leúnica;D•BROWSKA WANDA  ;65;WYØSZE PEDAGOGIKA ;OPTYMISTYCZNI Z£OTNICZANIE 
Leúnica;LISOWSKA JOANNA DOROTA ;49;TECHNIK OGRODNIK ; 
Leúnica;MICHALAK BARTOSZ MATEUSZ ;36;TECHNIK HANDLOWIEC ; 
Leúnica;P£ATEK ROMAN  ;53;BIBLIOTEKARZ ;BEZPARTYJNY WROC£AW 
Leúnica;PRZYSTAå TOMASZ ZBIGNIEW ;44;INFORMATYK ; 
Leúnica;ROHATY—SKI TADEUSZ  ;72;WYØSZE INØYNIER ; 
Leúnica;WOJCIECHOWSKI ZBIGNIEW  ;58;INØ. BUDOWNICTWA ; 
Leúnica;BRODZKA MONIKA JOLANTA ;37;ARCHITEKT KRAJOBRAZU ; 
Leúnica;CIEåLIK MARIAN ADAM ;72;PRAWNIK ;NIEZALEØNI 
Leúnica;DESKA URSZULA ALEKSANDRA ;66;åREDNIE ;NIEZALEØNI 
Leúnica;KRZAK ELØBIETA JADWIGA ;60;WYØSZE ;NIEZALEØNI 
Leúnica;MOL DA TERESA BARBARA ;61;WYØSZE ;NIEZALEØNI 
Leúnica;NOWAK KAMIL PIOTR ;27;WYØSZE ;NIEZALEØNI 
Leúnica;PIENI•ØCZAK IZABELA WANDA ;22;WYØSZE ;NIEZALEØNI 
Leúnica;PTAK AGNIESZKA KATARZYNA ;33;WYØSZE ; 
Leúnica;ROJEK BARTOSZ JAN ;35;WYØSZE ; 
Leúnica;SZCZ SNY £UKASZ W£ADYS£AW ;31;åREDNIE ; 
Leúnica;SZPIEGOWSKI JAKUB  ;31;ZARZ•DCA NIERUCHOMOåCI ; 
Lipa Piotrowska;CEGIE£A ELØBIETA IWONA ;53;BIBLIOTEKARZ ; 
Lipa Piotrowska;CHMIEL TERESA  ;57;PRACOWNIK UMYS£OWY ; 
Lipa Piotrowska;CHWEDOROWICZ J”ZEF  ;67;TECHNIK GEODETA ; 
Lipa Piotrowska;CIEåLIK GRZEGORZ  ;27; ; 
Lipa Piotrowska;JAWORSKI MARIUSZ PIOTR ;49;INØYNIER ; 
Lipa Piotrowska;KOWALSKI PRZEMYS£AW PIOTR ;36;KONSTRUKTOR ; 
Lipa Piotrowska;KRUPA ALEKSANDRA ALICJA ;33;KIEROWNIK PROJEKTU ; 
Lipa Piotrowska;KUBACKA MARIA TERESA ;62;EMERYT ; 
Lipa Piotrowska;LEOSZKIEWICZ-ØYGAD£O JUSTYNA MARTA ;28;WYØSZE- FINANSOWE ; 
Lipa Piotrowska;MAZUR JADWIGA  ;66;EMERYT ; 
Lipa Piotrowska;NOGALA MATEUSZ PIOTR ;26;PRAWNIK ; 
Lipa Piotrowska;NOWAK ARTUR KRZYSZTOF ;32;REGIONALNY KIEROWNIK SPRZEDAØY ; 
Lipa Piotrowska;PIG£OWSKI MARIUSZ ROMAN ;23; ; 
Lipa Piotrowska;RAK HELENA ELØBIETA ;72;EMERYT ; 
Lipa Piotrowska;R•CZKOWSKI JACEK ROBERT ;32;åREDNIE ; 
Lipa Piotrowska;SIKORSKA-NIEMIEC KRYSTYNA  ;59;ZAWODOWE ; 
Lipa Piotrowska;SUSZKO JANINA LUCYNA ;67;FARBIARZ ; 
Lipa Piotrowska;SYPEREK MARCIN MACIEJ ;43;WYØSZE ; 
Maúlice;G•SIECKI ROBERT MAREK ;36;åREDNIE ; 
Maúlice;KUNA TOMASZ  ;37;INFORMATYK ; 
Maúlice;KUNYSZ ROBERT  ;42;åREDNIE ; 
Maúlice;MASIAK JOANNA  ;36;KSI GOWA ; 
Maúlice;OLSZOWY MAJA KONSTANCJA ;23;STUDENTKA ; 
Maúlice;ROCHMI—SKI BARTOSZ B£AØEJ ;30;POLITOLOG ;S•SIEDZI Z MAåLIC 
Maúlice;RYBI—SKA MARTA MAGDALENA ;35;LABORANTKA ;BEZPARTYJNY WROC£AW 
Maúlice;STASIAK JOANNA  ;28;SPECJALISTA DS. WINDYKACJI ;S•SIEDZI Z MAåLIC 
Maúlice;SZYMCZAK-KORUSIEWICZ EWA OLGA ;33;URZ DNIK ;BEZPARTYJNY WROC£AW 
Maúlice;WITEK MAREK JAN ;32;EKONOMISTA ;BEZPARTYJNY WROC£AW 
Maúlice;WYSZOMIRSKA-PI”RO BOØENA  ;39;DORADCA KLIENTA ;BEZPARTYJNY WROC£AW 
Maúlice;CIERNIAK RENATA  ;37;BIBLIOTEKARKA ;KOLEKTYW POMYS£”W 
Maúlice;CWYNAR WALDEMAR GRZEGORZ ;46;WYØSZE ;S•SIEDZI Z MAåLIC 
Maúlice;CZERWI—SKI S£AWOMIR ANTONI ;31;WYK£ADOWCA ;TOWARZYSTWO UPI KSZANIA MIASTA WROC£AWIA 
Maúlice;DULINIEC BARBARA  ;42;SPECJALISTA DS. NIERUCHOMOåCI ; 
Maúlice;GUDERSKA IWONA MAGDALENA ;60;WYØSZE ADMINISTRACYJNE ; 
Maúlice;KOT MICHA£ SEBASTIAN ;32;WYØSZE ; 
Maúlice;LANGE GRAØYNA KRYSTYNA ;65;INØYNIER ENERGETYK ; 
Maúlice;MA—KOWSKI JAKUB JERZY ;33;KIEROWNIK ; 
Maúlice;MIARA PRZEMYS£AW OKTAWIAN ;39;WYØSZE ; 
Maúlice;MIELNICZEK KATARZYNA ELWIRA ;42;PIEL GNIARKA ;S•SIEDZI Z MAåLIC 
Maúlice;PAPROTA-BORAK MARIA  ;70;WYØSZE ;S•SIEDZI Z MAåLIC 
Maúlice;PATO£A TOMASZ ZYGMUNT ;37;INØYNIER INFORMATYK ;KOLEKTYW POMYS£”W 
Maúlice;RYCZEK GABRIELA  ;42;WYØSZE ;S•SIEDZI Z MAåLIC 
Maúlice;SMULIKOWSKI TADEUSZ MARIA ;72;INØYNIER CHEMIK ;KOLEKTYW POMYS£”W 
Maúlice;SOBCZAK MICHA£ ADAM ;39;ANALITYK ;KOLEKTYW POMYS£”W 
Maúlice;STELMASI—SKI MICHA£ GABRIEL ;30;DORADCA ; 
Maúlice;SZCZYGIE£ ALEKSANDRA KAROLINA ;30;WYØSZE ;S•SIEDZI Z MAåLIC 
Maúlice;SZCZYGIE£ KAROLINA MARIA ;26;WYØSZE ;S•SIEDZI Z MAåLIC 
Maúlice;SZPYRKO IRENA TERESA ;55;DORADCA ; 
Maúlice;SZRAJBER JAKUB  ;25;FIZJOTERAPEUTA ;BEZPARTYJNY WROC£AW 
Maúlice;TARCZY—SKA MAGDALENA  ;45;åREDNIE ;S•SIEDZI Z MAåLIC 
Maúlice;TARCZY—SKI KAMIL ROBERT ;22;åREDNIE ;S•SIEDZI Z MAåLIC 
Maúlice;WOJEWODA EWA  ;39;PRZEDSI BIORCA ;GRUPA DO SPRAW WBO 
Maúlice;WOJTK”W MARIUSZ STANIS£AW ;48;ELEKTRYK ;S•SIEDZI Z MAåLIC 
MuchobÛr Ma≥y;KRZYØOå KRZYSZTOF CYPRIAN ;37;PRZEDSTAWICIEL HANDLOWY ;NASZ MUCHOB”R 
MuchobÛr Ma≥y;MIZURO ARTUR ROBERT ;41;TECHNIK BUDOWLANY ;NASZ MUCHOB”R 
MuchobÛr Ma≥y;MONIETA MAREK ROBERT ;27;KSI GOWY ;NASZ MUCHOB”R 
MuchobÛr Ma≥y;NOWAK URSZULA MARIA ;66;EMERYT ;NASZ MUCHOB”R 
MuchobÛr Ma≥y;NYZ KRYSTIAN ANDRZEJ ;37;PRZEDSI BIORCA ;NASZ MUCHOB”R 
MuchobÛr Ma≥y;PARTYKA WOJCIECH ANDRZEJ ;34;INFORMATYK ;NASZ MUCHOB”R 
MuchobÛr Ma≥y;POLISZUK PIOTR ROMAN ;27;MANAGER ;NASZ MUCHOB”R 
MuchobÛr Ma≥y;SK”RZY—SKA MA£GORZATA JUSTYNA ;31;NAUCZYCIEL ; 
MuchobÛr Ma≥y;SK”RZY—SKI MACIEJ MIKO£AJ ;32;POLITOLOG ;NASZ MUCHOB”R 
MuchobÛr Ma≥y;WARDZY—SKI HENRYK  ;86;NAUCZYCIEL MAGISTER FIZYKI ; 
MuchobÛr Ma≥y;WASILEWSKA IRENA HALINA ;71;EMERYTOWANY NAUCZYCIEL ;NASZ MUCHOB”R 
MuchobÛr Ma≥y;DUSZA MIROS£AW ANDRZEJ ;32;INFORMATYK ;NASZ MUCHOB”R 
MuchobÛr Ma≥y;GIDASZEWSKA MARIANNA KAZIMIERA ;81;EMERYT ;NASZ MUCHOB”R 
MuchobÛr Ma≥y;GLI—SKI CZES£AW WOJCIECH ;53;WYØSZE PRAWNICZE ; 
MuchobÛr Ma≥y;KLISIEWICZ RAFA£  ;27;åREDNIE ;NASZ MUCHOB”R 
MuchobÛr Ma≥y;LACHOWICZ MACIEJ KRZYSZTOF ;37;PRZEDSI BIORCA ;NASZ MUCHOB”R 
MuchobÛr Ma≥y;MISZCZYK MARCIN JAN ;39;PRZEDSI BIORCA ;NASZ MUCHOB”R 
MuchobÛr Ma≥y;MIZURO WOJCIECH ZDZIS£AW ;37;EKONOMISTA ; 
MuchobÛr Ma≥y;SU£OT MATEUSZ  ;35;TAPICER ;NASZ MUCHOB”R 
MuchobÛr Wielki;ADAMOWICZ JAN  ;69;TECHNIK BUDOWNICTWA ;MUCHOB”RWIELKI.PL 
MuchobÛr Wielki;BORSUK ANDRZEJ KONRAD ;49;PRZEDSI BIORCA ;MUCHOB”RWIELKI.PL 
MuchobÛr Wielki;CIS£O DANIEL MICHA£ ;34;TECHNIK EKONOMISTA ;MUCHOB”RWIELKI.PL 
MuchobÛr Wielki;CIS£O IWONA MA£GORZATA ;34;PEDAGOG ;MUCHOB”RWIELKI.PL 
MuchobÛr Wielki;DUMYCZ DAMIAN DARIUSZ ;18;UCZE— ;KONSTRUKTYWNY MUCHOB”R 
MuchobÛr Wielki;F•FEREK MI£OSZ  ;22;STUDENT POLITECHNIKI ;KONSTRUKTYWNY MUCHOB”R 
MuchobÛr Wielki;GEISLER £UKASZ  ;33;INFORMATYK ;KONSTRUKTYWNY MUCHOB”R 
MuchobÛr Wielki;G”RAL JAROS£AW  ;46;TECHNIK BUDOWNICTWA WODNEGO ;MUCHOB”RWIELKI.PL 
MuchobÛr Wielki;JAØDØYK EWA MARIA ;43;CHEMIK ;KONSTRUKTYWNY MUCHOB”R 
MuchobÛr Wielki;KAPYSZ AGNIESZKA  ;33;OPIEKUN MEDYCZNY ;KONSTRUKTYWNY MUCHOB”R 
MuchobÛr Wielki;KILIAN LILIA  ;60;MAGISTER FIZYKI ;MUCHOB”RWIELKI.PL 
MuchobÛr Wielki;K£YSA W£ADYS£AW ADAM ;58;TECHNIK MECHANIK ;MUCHOB”RWIELKI.PL 
MuchobÛr Wielki;KUCHARSKI TOMASZ PAWE£ ;39;PRZEDSI BIORCA ;KONSTRUKTYWNY MUCHOB”R 
MuchobÛr Wielki;KURGAN ANNA DOROTA ;43;PRACOWNIK SAMORZ•DOWY;MUCHOB”RWIELKI.PL 
MuchobÛr Wielki;M KARSKI MARCIN ZYGMUNT ;43;ZARZ•DCA NIERUCHOMOåCI ;MUCHOB”RWIELKI.PL 
MuchobÛr Wielki;NEMå KRZYSZTOF ZYGMUNT ;48;DYSPOZYTOR LOGISTYK ;MUCHOB”RWIELKI.PL 
MuchobÛr Wielki;OLCH”WKA MAREK  ;19;STUDENT PRAWA ;KONSTRUKTYWNY MUCHOB”R 
MuchobÛr Wielki;STAWICKI S£AWOMIR MAREK ;40;GRAFIK ;KONSTRUKTYWNY MUCHOB”R 
MuchobÛr Wielki;STERC PIOTR STEFAN ;19;STUDENT INFORMATYKI ;MUCHOB”RWIELKI.PL 
MuchobÛr Wielki;STRZELECKI MARIUSZ  ;31;NAUCZYCIEL ;KONSTRUKTYWNY MUCHOB”R 
MuchobÛr Wielki;SUROPEK WIES£AW MAKSYMILIAN ;57;ARCHITEKT ;NIE ZRZESZONY BEZPARTYJNY 
MuchobÛr Wielki;SZCZYKOWSKI JACEK ANDRZEJ ;36;GEODETA ;KONSTRUKTYWNY MUCHOB”R 
MuchobÛr Wielki;SZKUDLARSKI TOMASZ FRANCISZEK ;26;INFORMATYK ;KONSTRUKTYWNY MUCHOB”R 
MuchobÛr Wielki;SZKWERKO KATARZYNA  ;34;MAGISTER TURYSTYKI I REKREACJI ;KONSTRUKTYWNY MUCHOB”R 
MuchobÛr Wielki;SZYLKO ADAM  ;38;KIEROWNIK SPEDYCJI ;MUCHOB”RWIELKI.PL 
MuchobÛr Wielki;TYLKOWSKI BART£OMIEJ ARKADIUSZ ;30;INFORMATYK ;KONSTRUKTYWNY MUCHOB”R 
MuchobÛr Wielki;WIåNIEWSKA WIOLETA LUDWIKA ;32;TECHNIK TECHNOLOGI ODZIEØY ;MUCHOB”RWIELKI.PL 
MuchobÛr Wielki;WIåNIEWSKI GABRIEL MICHA£ ;42;TECHNIK TECHNOLOGI ØYWNOåCI ;MUCHOB”RWIELKI.PL 
MuchobÛr Wielki;WO£•SEWICZ JOLANTA MARIA ;68;MAGISTER GEOGRAFII ;MUCHOB”RWIELKI.PL 
Nadodrze;ADAMSKI MARIAN FRANCISZEK ;74; ;WROC£AWSKIE FORUM SAMORZ•DOWE 
Nadodrze;BIELI—SKA AGNIESZKA ANNA ;44;åREDNIE ;WROC£AWSKIE FORUM SAMORZ•DOWE 
Nadodrze;DUDEK MAREK ZBIGNIEW ;63;PRZEDSI BIORCA ;NOWE NADODRZE 
Nadodrze;FERE—SKI PIOTR JAKUB ;38;HISTORYK ;NOWE NADODRZE 
Nadodrze;HORAK EUGENIA URSZULA ;65;INØYNIER CHEMIK ;WROC£AWSKIE FORUM SAMORZ•DOWE 
Nadodrze;KAMECKA JOANNA EMILIA ;34;WYØSZE ;NOWE NADODRZE 
Nadodrze;KUNA ARKADIUSZ £UKASZ ;28;ANALITYK ;NOWE NADODRZE 
Nadodrze;KWAåNIAK ALEKSANDRA  ;54;SPRZEDAWCA ;WROC£AWSKIE FORUM SAMORZ•DOWE 
Nadodrze;LIS BART£OMIEJ MARIAN ;37;SOCJOLOG ;NOWE NADODRZE 
Nadodrze;MISIEWICZ JUSTYNA WANDA ;43;åREDNIE ;WROC£AWSKIE FORUM SAMORZ•DOWE 
Nadodrze;NASKR CKA DANUTA MA£GORZATA ;56;RENCISTA ;WROC£AWSKIE FORUM SAMORZ•DOWE 
Nadodrze;NIENARTOWICZ BEATA MA£GORZATA ;32;NAUCZYCIEL AKADEMICKI ;NOWE NADODRZE 
Nadodrze;OB£•K ALEKSANDER MAREK ;22;PRACOWNIK BRANØY IT ;NOWE NADODRZE 
Nadodrze;PIWKO KATARZYNA ANNA ;30;POLITOLOG ;WROC£AWSKIE FORUM SAMORZ•DOWE 
Nadodrze;RATAJCZAK LUCYNA STANIS£AWA ;57;GASTRONOM ;WROC£AWSKIE FORUM SAMORZ•DOWE 
Nadodrze;ROMANOWSKA DOROTA  ;35;TEAM LEADER IT SPECJALIST ;NOWE NADODRZE 
Nadodrze;SKOCZYLAS JERZY J”ZEF ;63;åREDNIE ;WROC£AWSKIE FORUM SAMORZ•DOWE 
Nadodrze;SM TEK J”ZEF  ;47;PIEL GNIARZ ;WROC£AWSKIE FORUM SAMORZ•DOWE 
Nadodrze;SOCHA—CZAK ALEKSANDRA MARTA ;32;PRZEDSI BIORCA ;NOWE NADODRZE 
Nadodrze;BUSZEK JOANNA  ;44;BANKOWOå∆ ;WROC£AWSKIE FORUM SAMORZ•DOWE 
Nadodrze;CABAN ALICJA  ;44;åREDNIE ;WROC£AWSKIE FORUM SAMORZ•DOWE 
Nadodrze;DUCHNOWSKA IZABELA MARIA ;45;MENADØER KULTURY ;NOWE NADODRZE 
Nadodrze;GA£ CKA JADWIGA  ;63;KSI GOWA ;ZIELONY WROC£AW 
Nadodrze;KO£ODZIEJ KAZIMIERZ ADAM ;59;INSTRUKTOR PI£KI NOØNEJ ;WROC£AWSKIE FORUM SAMORZ•DOWE 
Nadodrze;LITWINIEC MICHA£ ADAM ;46;MUZYK ;NOWE NADODRZE 
Nadodrze;LUPOMESKY JAN  ;32;PRZEDSI BIORCA ;NOWE NADODRZE 
Nadodrze;MICIUK AGNIESZKA  ;46;URZ DNIK ADMINISTRACJI ;WROC£AWSKIE FORUM SAMORZ•DOWE 
Nadodrze;OLSZEWSKI BERNARD  ;56;ZAWODOWE ;WROC£AWSKIE FORUM SAMORZ•DOWE 
Nadodrze;PA£YSA EDWARD  ;68;EMERYT ;WROC£AWSKIE FORUM SAMORZ•DOWE 
Nadodrze;REISIGOV√-KIELAWSKI ROBERT PAWE£ ;34;NAUCZYCIEL AKADEMICKI ;ZIELONY WROC£AW 
Nadodrze;SAWIDIS EWA  ;43;HANDLOWIEC ;WROC£AWSKIE FORUM SAMORZ•DOWE 
Nadodrze;SAWIDIS SAWAS  ;53;ELEKTRYK ;WROC£AWSKIE FORUM SAMORZ•DOWE 
Nadodrze;SPOREK MARCIN £UKASZ ;20;STUDENT ;NOWE NADODRZE 
Nadodrze;STECIUK JAROS£AW ROBERT ;50;GEODETA ;NADODRZE-SAMI SWOI 
Nadodrze;SZNERCH JERZY ANTONI ;62;åREDNIE ;WROC£AWSKIE FORUM SAMORZ•DOWE 
Nadodrze;ZYGAD£O MA£GORZATA  ;44;GASTRONOM ;WROC£AWSKIE FORUM SAMORZ•DOWE 
Nadodrze;ZYGAD£O MAREK DARIUSZ ;45;ELEKTROMONTER ;WROC£AWSKIE FORUM SAMORZ•DOWE 
Nowy DwÛr;BORCZYK KRZYSZTOF  ;48;åREDNIE ; 
Nowy DwÛr;KRAWCZYK ANNA  ;57;PEDAGOG ;WSP”LNIE DLA NOWEGO DWORU 
Nowy DwÛr;NIEMENTOWSKA KRYSTYNA HENRYKA ;66;WYØSZE TECHNICZNE ;WSP”LNIE DLA NOWEGO DWORU 
Nowy DwÛr;OLBERT KRZYSZTOF  ;55;EMERYTOWANY STRAØAK ;WSP”LNIE DLA NOWEGO DWORU 
Nowy DwÛr;OSTROWSKA JANINA MARIA ;69;TECHNIK ELEKTRONIK ; 
Nowy DwÛr;SEKULSKI JERZY KAZIMIERZ ;74;TOKARZ EMERYT ;WSP”LNIE DLA NOWEGO DWORU 
Nowy DwÛr;WOJTUå ELØBIETA ANNA ;34;ADMINISTRACJA BIUROWA ;WSP”LNIE DLA NOWEGO DWORU 
Nowy DwÛr;GALEJ W£ADYS£AWA ROZALIA ;65;PIEL GNIARKA ;WSP”LNIE DLA NOWEGO DWORU 
Nowy DwÛr;IWANCZEWSKI MACIEJ ROMAN ;39;PROGRAMISTA BAZ DANYCH ; 
Nowy DwÛr;KOBRY— LESZEK CZES£AW ;59;BUDOWLANIEC ;WSP”LNIE DLA NOWEGO DWORU 
Nowy DwÛr;MOLENDA MA£GORZATA  ;36;MGR NAUK SPO£ECZNYCH ;WSP”LNIE DLA NOWEGO DWORU 
Nowy DwÛr;SELUCHA MICHA£ TOMASZ ;24;WYØSZE ;WSP”LNIE DLA NOWEGO DWORU 
Nowy DwÛr;WEGNEROWICZ-KIEDA LUCYNA BEATA ;46;NAUCZYCIEL ;WSP”LNIE DLA NOWEGO DWORU 
Nowy DwÛr;HUK ALICJA  ;62;EMERYTOWNY URZ DNIK PA—STWOWY ;WSP”LNIE DLA NOWEGO DWORU 
Nowy DwÛr;KAUCZ KRZYSZTOF  ;31;WYØSZE PRAWNICZE ;SOJUSZ DLA WROC£AWIA 
Nowy DwÛr;KUBACKA J”ZEFA  ;74;TECHNIK RUCHU KOLEJOWEGO ;WSP”LNIE DLA NOWEGO DWORU 
Nowy DwÛr;MERMEL MARLENA JOANNA ;30;EKONOMISTA ;WSP”LNIE DLA NOWEGO DWORU 
Nowy DwÛr;OLBERT £UKASZ  ;28;WYØSZE ADMINISTRACYJNE ;WSP”LNIE DLA NOWEGO DWORU 
Nowy DwÛr;PAJKERT AGNIESZKA  ;42;WYØSZE EKONOMICZNE ; 
Nowy DwÛr;RYBARK BOØENA JADWIGA ;66;EKONOMISTA ;WSP”LNIE DLA NOWEGO DWORU 
Nowy DwÛr;TOKARZ ANETA AGNIESZKA ;41;POåREDNIK W OBROCIE NIERUCHOMOåCI ; 
Nowy DwÛr;WITKOWSKA MONIKA  ;23;COPYWRITER ; 
O≥bin;DOMAL-KOWALSKA MA£GORZATA KAROLINA ;36;EKONOMISTA ; 
O≥bin;GOS£AWSKI WIES£AW  ;62;PSYCHOLOG ;ZAWALCZMY O O£BIN 
O≥bin;KRASZEWSKA MARIA  ;30;PRZEWODNIK MIEJSKI ;CZAS NA O£BIN 
O≥bin;KRASZEWSKI STANIS£AW  ;24;BARISTA ;CZAS NA O£BIN 
O≥bin;KUROWSKI MARCIN STANIS£AW ;36;EKONOMISTA ;ZAWALCZMY O O£BIN 
O≥bin;ORLICZ TOMASZ  ;67;DZIENNIKARZ ; 
O≥bin;PUCHALSKA MA£GORZATA  ;32;NAUCZYCIEL J ZYKA ANGIELSKIEGO ;ZAWALCZMY O O£BIN 
O≥bin;SAWICKA ANNA  ;55;åREDNIE ; 
O≥bin;SIKORSKI W£ADYS£AW  ;56;TECHNIK ENERGETYK ;ZAWALCZMY O O£BIN 
O≥bin;SK”RSKI JAROS£AW  ;50;NAUCZYCIEL MUZYK ;ZAWALCZMY O O£BIN 
O≥bin;åWIERZEWICZ JAN  ;58;EMERYT ; 
O≥bin;WALACHOWSKA KATARZYNA  ;21;STUDENTKA ;ZAWALCZMY O O£BIN 
O≥bin;WILK GRAØYNA JOANNA ;40;GOSPODYNI ;CZAS NA O£BIN 
O≥bin;GINTER BARBARA MARIA ;69;PROGRAMISTA EMC ;ZAWALCZMY O O£BIN 
O≥bin;JACHIRA KLAUDIA KRYSTYNA ;28;AKTOR ;CZAS NA O£BIN 
O≥bin;KACZY—SKA ANASTAZJA  ;71;EKONOMISTA ; 
O≥bin;KOLASI—SKA EDYTA ANNA ;46;EKONOMISTA ; 
O≥bin;LEåNY ELØBIETA KATARZYNA ;56;ANIMATOR KULTURY ;CZAS NA O£BIN 
O≥bin;MATYNIAK ZDZIS£AW KAZIMIERZ ;77;EMERYTOWANY WYK£ADOWCA ;ZAWALCZMY O O£BIN 
O≥bin;POCHODY£A GRZEGORZ S£AWOMIR ;47;CUKIERNIK ;ZAWALCZMY O O£BIN 
O≥bin;SANDELEWSKI DAMIAN ANDRZEJ ;21;PODSTAWOWE-UCZE— ;ZAWALCZMY O O£BIN 
O≥bin;S£OBODZIAN MACIEJ PIOTR ;21;STUDENT ;ZIELONY WROC£AW 
O≥bin;STEFAN MAREK LECH ;25;DYREKTOR BIURA POSELSKIEGO ;ZAWALCZMY O O£BIN 
O≥bin;WIKLI—SKI PAWE£ PIOTR ;36;POLITOLOG ;CZAS NA O£BIN 
O≥bin;BRONOWICKI DANIEL HENRYK ;32;TECHNIK MECHANIK ;CZAS NA O£BIN 
O≥bin;CICHOSZ MA£GORZATA  ;64;EMERYT ;O£BIN LUBI  TO 
O≥bin;JANKOWSKI MICHA£ KRZYSZTOF ;32;POåREDNIK W OBROCIE NIERUCHOMOåCIAMI ;CZAS NA O£BIN 
O≥bin;KWIATKOWSKI RAFA£ PAWE£ ;42;KIEROWCA MECHANIK ;ZAWALCZMY O O£BIN 
O≥bin;£UKASIK JOLANTA EWA ;70;GEODETA ;ZAWALCZMY O O£BIN 
O≥bin;PASZKIEWICZ JADWIGA  ;51;NAUCZYCIEL ;CZAS NA O£BIN 
O≥bin;PAåNIK JANINA IRENA ;62;DIETETYK ;ZAWALCZMY O O£BIN 
O≥bin;POSTEK BART£OMIEJ JAN ;30;PRZEDSI BIORCA ;ZAWALCZMY O O£BIN 
O≥bin;POW•ZKA MATEUSZ MARCIN ;25;WYØSZE ;WROC£AWSKIE FORUM SAMORZ•DOWE 
O≥bin;S£OWIKOWSKA EWA FRANCISZKA ;69;EMERYT ;O£BIN LUBI  TO 
O≥bin;S£OWIKOWSKA URSZULA  ;41;ADWOKAT ;O£BIN LUBI  TO 
O≥bin;SZUMILAK ESTERA MA£GORZATA ;33;EKONOMISTA ;CZAS NA O£BIN 
O≥bin;SZYMCZAK B£AØEJ JAKUB ;33;PEDAGOG ;ZAWALCZMY O O£BIN 
O≥bin;SZYMCZAK IWONA HANNA ;65;SPECJALISTA DS. REHABILITACJI ;ZAWALCZMY O O£BIN 
O≥bin;SZYMIK RENATA BEATA ;25;ARCHITEKT ;CZAS NA O£BIN 
O≥bin;ZAWISZA ADRIAN RAFA£ ;23;STUDENT ;CZAS NA O£BIN 
O≥bin;JARMU£OWICZ LIDIA MARIA ;57;WYØSZE ;PRZYJAZNE OSIEDLE - BEZPARTYJNY WROC£AW 
O≥bin;KOCZAN HENRYK  ;55;MENEDØER KULTURY ;O£BIN-LUBI  TO 
O≥bin;KOZ£OWSKA MARTA MAGDALENA ;40;SOCJOLOG ;O£BIN LUBI  TO 
O≥bin;MAJCHRZAK ELØBIETA KRYSTYNA ;66;INØYNIER OCHRONY åRODOWISKA ;O£BIN LUBI  TO 
O≥bin;MATEJKO WIKTORIA  ;22;ARCHITEKT ;CZAS NA O£BIN 
O≥bin;OSTAPOWICZ HALINA BOØENA ;60;PRACOWNIK SAMORZ•DOWY ;ZAWALCZMY O O£BIN 
O≥bin;ROZWADOWSKA MAGDALENA PATRYCJA ;40;EKONOMISTA ;O£BIN LUBI  TO 
O≥bin;STELLER EWA W£ADYS£AWA ;59;GEOGRAF ;ZAWALCZMY O O£BIN 
O≥bin;STELLER KAROL ADAM ;33;CHEMIK ;ZAWALCZMY O O£BIN 
O≥bin;SZATANEK £UKASZ  ;33;URBANISTA ;ZAWALCZMY O O£BIN 
O≥taszyn;CHRZANOWSKA-JAROS£AWSKA DOROTA ELØBIETA ;57;EKONOMISTA ;O£TASZYN - LUBI  TO! 
O≥taszyn;CHYBI—SKI PRZEMYS£AW  ;44;EKONOMISTA ;O£TASZYN - LUBI  TO! 
O≥taszyn;FOCHT BARBARA EWA ;59;INØYNIER SANITARNY ;O£TASZYN-RAZEM 
O≥taszyn;GABOR-ZIELI—SKA URSZULA BARBARA ;68;GEOGRAF ;O£TASZYN-RAZEM 
O≥taszyn;G£”D SERGIUSZ £UKASZ ;29;HISTORYK ; 
O≥taszyn;GRANOWICZ MAREK WOJCIECH ;22;åREDNIE ;BEZPARTYJNY WROC£AW 
O≥taszyn;GROCHMAL BEATA JUSTYNA ;50;PRZEDSI BIORCA ; 
O≥taszyn;HA£ACZKIEWICZ KATARZYNA IWONA ;32;WYØSZE ;BEZPARTYJNY WROC£AW 
O≥taszyn;JO—CA JACEK WOJCIECH ;55;ARCHITEKT ;O£TASZYN - LUBI  TO! 
O≥taszyn;KAWA£KO BOGUS£AWA ILONA ;64;EKONOMISTA ;O£TASZYN-RAZEM 
O≥taszyn;KOWALSKA IWONA ELØBIETA ;54;RZECZNIK PRASOWY ;O£TASZYN - LUBI  TO! 
O≥taszyn;KOZ£OWSKA-LELITO MA£GORZATA ZENONA ;64;PRZEDSI BIORCA ;O£TASZYN - LUBI  TO! 
O≥taszyn;KUCFIR MACIEJ JAROS£AW ;52;WYØSZE TECHNICZNE;O£TASZYN-RAZEM 
O≥taszyn;KWAåNICA ANDRZEJ JERZY ;46;PRZEDSI BIORCA ;O£TASZYN - LUBI  TO! 
O≥taszyn;LEO—CZYK ANNA EWA ;43;LOGISTYK ;O£TASZYN-RAZEM 
O≥taszyn;MOCZU£OWSKI MARIAN  ;68;MECHANIK ;O£TASZYN-RAZEM 
O≥taszyn;PIOTROWSKI EUGENIUSZ RYSZARD ;63;INØYNIER BUDOWNICTWA ;O£TASZYN - LUBI  TO! 
O≥taszyn;PRZYBYLSKI PAWE£ PIOTR ;43;PRZEDSI BIORCA ;O£TASZYN - LUBI  TO! 
O≥taszyn;PU∆ ANTONI  ;75;EKONOMISTA ;O£TASZYN-RAZEM 
O≥taszyn;SAWI—SKA KRYSTYNA MARIA ;68;PRAWNIK ;O£TASZYN-RAZEM 
O≥taszyn;SKU£A EDYTA  ;32;PRAWNIK ;O£TASZYN-RAZEM 
O≥taszyn;URBAN ALICJA DANUTA ;66;EKONOMISTA ;O£TASZYN-RAZEM 
O≥taszyn;WAWRZY—SKA MA£GORZATA  ;75;HISTORYK ;O£TASZYN-RAZEM 
O≥taszyn;WIECH MIROS£AW ADAM ;61;KSI GOWY DORADCA PODATKOWY ; 
O≥taszyn;WILK SEBASTIAN DARIUSZ ;40;POLITOLOG ;O£TASZYN-RAZEM 
O≥taszyn;ZAWIåLAK JADWIGA  ;66;KOREKTOR ;O£TASZYN - LUBI  TO! 
OporÛw;BABISZEWSKA BARBARA  ;56;LEKARZ MED. ; 
OporÛw;BINKOWSKA DOBROS£AWA OLGA ;42;WYØSZE, FILOLOG ; 
OporÛw;CHARZEWSKA-MILLER JOLANTA MARIA ;65;SOCJOLOG ; 
OporÛw;CIECHANOWSKI-MIREK PATRYK  ;32;SPECJALISTA DS MARKETINGU INTERNETOWEGO ; 
OporÛw;DRAPELLA HERMANSDORFER ALINA  ;66;ARCHITEKT ; 
OporÛw;GONCIARZ SEBASTIAN JAN ;22;STUDENT ; 
OporÛw;HETMA—CZUK JAKUB KAJETAN ;29;INØYNIER SERWISU APARATURY MEDYCZNEJ ; 
OporÛw;IREK DAMIAN MICHA£ ;21;åREDNIE ; 
OporÛw;LORENC SEBASTIAN £UKASZ ;39;PRZEDSI BIORCA ; 
OporÛw;MARKO RENATA  ;49;WYØSZE, FILOLOG ; 
OporÛw;MR”Z-GORGO— BARBARA NATALIA ;35;WYK£ADOWCA AKADEMICKI ; 
OporÛw;PLEWA KRZYSZTOF  ;58;åREDNIE ; 
OporÛw;PRZYSTAWA PAWE£ MARIAN ;29;WYØSZE ; 
OporÛw;SARNIAK W£ODZIMIERZ  ;73;NAUCZYCIEL AKADEMICKI ; 
OporÛw;WIåLICKA KARINA JULIA ;19;STUDENT ; 
OporÛw;WOLSKI JAKUB JACEK ;21;STUDENT ; 
Osobowice - RÍdzin;ADAMCZYK HANNA BARBARA ;33;PEDAGOG SPECJALNY-TERAPEUTA ;KIERUNEK OSOBOWICE 
Osobowice - RÍdzin;BASIAK WALDEMAR JACEK ;38;INFORMATYK ;KIERUNEK OSOBOWICE 
Osobowice - RÍdzin;B£ASZKIEWICZ ARTUR  ;50;ELEKTRONIK ;KIERUNEK OSOBOWICE 
Osobowice - RÍdzin;CYMANEK ANDRZEJ DARIUSZ ;54;åREDNIE TECHNICZNE ;KIERUNEK OSOBOWICE 
Osobowice - RÍdzin;DUBIK KRZYSZTOF  W£ODZIMIERZ ;48;WYØSZE ; 
Osobowice - RÍdzin;DUBIS IGOR £UKASZ ;30;WYØSZE ; 
Osobowice - RÍdzin;GONET PIOTR KRZYSZTOF ;38;åREDNIE ;KIERUNEK OSOBOWICE 
Osobowice - RÍdzin;KAJDANOWICZ TOMASZ JAN ;34;NAUCZYCIEL AKADEMICKI ;KIERUNEK OSOBOWICE 
Osobowice - RÍdzin;KIERAKOWICZ PAWE£  ;18;UCZE— ;FUNDACJA M£ODA RP 
Osobowice - RÍdzin;KOWALSKA MONIKA IWONA ;41;DZIENNIKARZ ; 
Osobowice - RÍdzin;KR”LEWICZ MACIEJ RADOS£AW ;36;MGR INØ. TECHNIK JAKOåCI ; 
Osobowice - RÍdzin;KUèNIACKI ARTUR  ;53;INØYNIER ELEKTRYK ;KIERUNEK OSOBOWICE 
Osobowice - RÍdzin;NAWROT JOANNA IZABELA ;49;HANDLOWIEC ;KIERUNEK OSOBOWICE 
Osobowice - RÍdzin;NAWROT MAREK PIOTR ;53;RZEèBIARZ-MODELARZ ;KIERUNEK OSOBOWICE 
Osobowice - RÍdzin;NOGIE∆ KRZYSZTOF KONRAD ;40;INFORMATYK ;KIERUNEK OSOBOWICE 
Osobowice - RÍdzin;PARYS £UKASZ  ;33;åREDNIE ; 
Osobowice - RÍdzin;PREå ANNA KATARZYNA ;33;åREDNIE ; 
Osobowice - RÍdzin;SIETKIEWICZ PIOTR  ;28;INØYNIER KONSTRUKTOR ; 
Osobowice - RÍdzin;SITARZ DARIUSZ PIOTR ;44;åREDNIE ; 
Osobowice - RÍdzin;SPYCHA£A SYLWIA EWA ;38;WYØSZE ; 
Osobowice - RÍdzin;SUWARA MAREK  ;29;WYØSZE ; 
Osobowice - RÍdzin;ØEBRU— ANNA  ;39;WYØSZE ;KIERUNEK OSOBOWICE 
Osobowice - RÍdzin;GONCIARZ HANNA  ;41;WYØSZE ; 
Osobowice - RÍdzin;ØYGAD£O DANUTA  ;68;WYØSZE ; 
Paw≥owice;BIENIAS ALEKSANDRA ANNA ;34;WYØSZE ; 
Paw≥owice;BILI—SKI TADEUSZ MARCELI ;75;MECHANIK SAMOLOTOWY ; 
Paw≥owice;BOGUSZ MARZENA  ;45;WYØSZE EKONOMISTA ; 
Paw≥owice;CIESIELSKA GABRIELA  ;40;OPIEKUN MEDYCZNY ; 
Paw≥owice;GRUSZKO MARCIN JERZY ;42;ADWOKAT ; 
Paw≥owice;JAKIEL ANNA MARIA ;47;WYØSZE ;BEZPARTYJNY WROC£AW 
Paw≥owice;JAKIEL KAROLINA ANNA ;18;STUDENT ;BEZPARTYJNY WROC£AW 
Paw≥owice;JAKUBIK WOJCIECH TADEUSZ ;47;åREDNIE ; 
Paw≥owice;KAMI—SKA LIDIA MARIA ;72;WYØSZE ;BEZPARTYJNY WROC£AW 
Paw≥owice;KSI•ØEK BOGUS£AW ANDRZEJ ;39;WYØSZE PRAWNIK ; 
Paw≥owice;KUCZAJ ANDRZEJ MARIAN ;29;WYØSZE ;BEZPARTYJNY WROC£AW 
Paw≥owice;£ASKAWIEC JERZY MIECZYS£AW ;67;INØYNIER ; 
Paw≥owice;MACUSKI RADOS£AW  ;40;INØYNIER åRODOWISKA ; 
Paw≥owice;MAZUR MAREK TOMASZ ;45;PRACOWNIK TECHNICZNY ASP ; 
Paw≥owice;NOJEK EWA HELENA ;43;LEKARZ ;BEZPARTYJNY WROC£AW 
Paw≥owice;ORZECHOWSKI JACEK PAWE£ ;49;WYØSZE ;BEZPARTYJNY WROC£AW 
Paw≥owice;PAJDOWSKI MAREK GRZEGORZ ;47;WYØSZE ;BEZPARTYJNY WROC£AW 
Paw≥owice;PAWE£KIEWICZ ZBIGNIEW STANIS£AW ;42;MGR INØ. ELEKTRONIK ; 
Paw≥owice;PYRCZ MARTA  ;43;WYØSZE ; 
Paw≥owice;SKRABUT-KONDERLA MAGDALENA ANNA ;39;KIEROWNIK PROJEKT”W ; 
Paw≥owice;SZCZYPKA-MARCINIAK BEATA MA£GORZATA ;54;WYØSZE ;BEZPARTYJNY WROC£AW 
Paw≥owice;TOKAR KLAUDIA MARIA ;24;WYØSZE ;BEZPARTYJNY WROC£AW 
Paw≥owice;ZIGLEWSKI RAFA£  ;48;ADWOKAT ; 
Pilczyce - KozanÛw - Popowice P≥n.;CHMURA EMILIA  ;37;EKONOMISTA ;PILCZYCE TO MOJE OSIEDLE 
Pilczyce - KozanÛw - Popowice P≥n.;GRABOWSKA JADWIGA  ;68;FILOLOG ;PILCZYCE TO MOJE OSIEDLE 
Pilczyce - KozanÛw - Popowice P≥n.;HORSKI ANDRZEJ  ;72;WYØSZE ;MIESZKA—CY ULICY SZKLARSKIEJ 
Pilczyce - KozanÛw - Popowice P≥n.;KATARZY—SKA BARBARA WANDA ;57;NAUCZYCIEL ;NASZE OSIEDLE 
Pilczyce - KozanÛw - Popowice P≥n.;KUZIA RYSZARD KRZYSZTOF ;57;åREDNIE ;NASZE OSIEDLE 
Pilczyce - KozanÛw - Popowice P≥n.;LITO—SKA STAWIREJ ANNA  ;54;ARCHITEKT KRAJOBRAZU ;STAWIREJ 
Pilczyce - KozanÛw - Popowice P≥n.;MACA£A HENRYK JAN ;65;WYØSZE ;NASZE OSIEDLE 
Pilczyce - KozanÛw - Popowice P≥n.;MITKIEWICZ JERZY BRONIS£AW ;66;TECHNIK MECHANIK ;PILCZYCE TO MOJE OSIEDLE 
Pilczyce - KozanÛw - Popowice P≥n.;POSTAWA KONRAD  ;29;INFORMATYK ;PILCZYCE TO MOJE OSIEDLE 
Pilczyce - KozanÛw - Popowice P≥n.;SKRZYPIEC ARTUR  ;39;MGR INØ. TELEKOMUNIKACJI ; 
Pilczyce - KozanÛw - Popowice P≥n.;GLIBOWSKI MAREK TADEUSZ ;62;CUKIERNIK ; 
Pilczyce - KozanÛw - Popowice P≥n.;K£OSI—SKI RAFA£  ;40;PLASTYK ;NASZE OSIEDLE
Pilczyce - KozanÛw - Popowice P≥n.;MA£YS WALDEMAR  ;60;TRENER SPORTOWY ;NASZE OSIEDLE 
Pilczyce - KozanÛw - Popowice P≥n.;SZCZUROWSKI WIES£AW EDWARD ;60;POLITOLOG ; 
Pilczyce - KozanÛw - Popowice P≥n.;SZOPA W£ADYS£AW  ;61;EKONOMISTA ;NASZE OSIEDLE
Pilczyce - KozanÛw - Popowice P≥n.;BUDZISZ MARCIN PAWE£ ;36;WYØSZE ;NASZE OSIEDLE 
Pilczyce - KozanÛw - Popowice P≥n.;CHLEBI—SKA JANINA  ;68;åREDNIE EKONOMICZNE ;NASZE OSIEDLE 
Pilczyce - KozanÛw - Popowice P≥n.;FR•CZEK BOØENA MA£GORZATA ;49;GEOLOG ;NASZE OSIEDLE 
Pilczyce - KozanÛw - Popowice P≥n.;HUMI—SKI EDWARD  ;74;MGR INØ. ELEKTRYK ;NASZE OSIEDLE 
Pilczyce - KozanÛw - Popowice P≥n.;LEWICKI MAREK WALDEMAR ;44;åREDNIE-TECHNICZNE ;NASZE OSIEDLE 
Pilczyce - KozanÛw - Popowice P≥n.;ZATO— STANIS£AW JERZY ;71;INØYNIER G”RNIK ;NASZE OSIEDLE 
Pilczyce - KozanÛw - Popowice P≥n.;BIDZI—SKI J”ZEF  ;72;ELEKTROMECHANIK ;NASZE OSIEDLE 
Pilczyce - KozanÛw - Popowice P≥n.;CZAPNIK HALINA  ;69;ELEKTROMECHANIK ;NASZE OSIEDLE 
Pilczyce - KozanÛw - Popowice P≥n.;CZARNECKA IWONA BARBARA ;46;TECHNIK ;NASZE OSIEDLE 
Pilczyce - KozanÛw - Popowice P≥n.;GO£ BIOWSKI RAJMUND MARIA ;72;INØYNIER ELEKTRYK ;POPOWICE LUBI  TO 
Pilczyce - KozanÛw - Popowice P≥n.;HORMA—SKI WIES£AW STANIS£AW ;70;TECHNIK G”RNIK ;NASZE OSIEDLE 
Pilczyce - KozanÛw - Popowice P≥n.;KRZEMI—SKA-BORECKA IWONA  ;40; ; 
Pilczyce - KozanÛw - Popowice P≥n.;MINIEWSKA MARIA TERESA ;69;TECHNOLOG ØYWIENIA ;POPOWICE LUBI  TO 
Pilczyce - KozanÛw - Popowice P≥n.;MISIEC GRAØYNA  ;68;TECHNIK BUDOWLANY ;POPOWICE LUBI  TO 
Pilczyce - KozanÛw - Popowice P≥n.;SZPALERSKI DAMIAN ANDRZEJ ;28;BEZPIECZE—STWO NARODOWE ; 
Pilczyce - KozanÛw - Popowice P≥n.;WELC ANDRZEJ PRZEMYS£AW ;36;MAGISTER EKONOMII ;POPOWICE LUBI  TO 
Pilczyce - KozanÛw - Popowice P≥n.;GARNCAREK-ZARZYCKA EWA  ;51;REFERENT ;NASZE OSIEDLE 
Pilczyce - KozanÛw - Popowice P≥n.;KAP£ON TOMASZ MIROS£AW ;66;DZIENNIKARZ ;NASZE OSIEDLE 
Pilczyce - KozanÛw - Popowice P≥n.;NOWACKA KRYSTYNA  ;63;TRENER SPORTOWY ;POPOWICE LUBI  TO 
Pilczyce - KozanÛw - Popowice P≥n.;S£OWIKOWSKA MARTA AGNIESZKA ;38;EKONOMISTA ;POPOWICE LUBI  TO 
Pilczyce - KozanÛw - Popowice P≥n.;WALAT ELØBIETA WIES£AWA ;64;åREDNIE ;NASZE OSIEDLE 
Pilczyce - KozanÛw - Popowice P≥n.;Ø£OBI—SKA-PERLICKA MARIA  ;70;HANDLOWIEC ;POPOWICE LUBI  TO 
Plac Grunwaldzki;DORNA DANUTA ANNA ;57;GEODETA ; 
Plac Grunwaldzki;HARASNA HALINA  ;55;URZ DNIK PA—STWOWY ; 
Plac Grunwaldzki;JELONKIEWICZ PIOTR JERZY ;35;PROGRAMISTA ; 
Plac Grunwaldzki;JOSIAK GRAØYNA HANNA ;68;PRAWNIK ; 
Plac Grunwaldzki;KRUSZEWSKI DARIUSZ ZENON ;42;SOCJOLOG ; 
Plac Grunwaldzki;LEWANDOWSKI MACIEJ JANUSZ ;70;ELEKTRONIK ; 
Plac Grunwaldzki;OS£AWSKI BART£OMIEJ STANIS£AW ;65;PRAWNIK ; 
Plac Grunwaldzki;RYCHTER RYSZARD ANDRZEJ ;61;MECHANIK ; 
Plac Grunwaldzki;SENICKA KINGA ELIZA ;39;ADMINISTRATOR ; 
Plac Grunwaldzki;SURMAN DOROTA J”ZEFA ;44;MAGISTER BIBLIOTEKARZ ; 
Plac Grunwaldzki;W•SIK ADRIAN WIKTOR ;22;STUDENT ; 
Plac Grunwaldzki;WOJTECZKO GABRIELA GRAØYNA ;61;EKONOMISTA ; 
Plac Grunwaldzki;ZIENKIEWICZ ALEKSANDRA MA£GORZATA ;32;WYØSZE ;TOWARZYSTWO UPI KSZANIA MIASTA WROC£AWIA 
Plac Grunwaldzki;ØURAWSKA ANNA MA£GORZATA ;65;ELEKTRONIK ; 
Plac Grunwaldzki;BOJCZUK IRENA  ;73;åREDNIE ; 
Plac Grunwaldzki;CZARNECKI JAN BOGUS£AW ;75;INØYNIER MECH. ; 
Plac Grunwaldzki;JANKOWSKA MARIA  ;65;EKONOMISTA KSI GOWA ;OSIEDLOWI ZAPALE—CY I WANDA ZIEMBICKA-HAS 
Plac Grunwaldzki;JAWORSKI ADAM  ;61;TECHNIK BUDOWLANY ; 
Plac Grunwaldzki;KURTYKA ANDRZEJ PAWE£ ;63;BUDOWLANE ; 
Plac Grunwaldzki;LITWA MARIAN  ;70;MECHANIK PRECYZYJNY ;OSIEDLOWI ZAPALE—CY I WANDA ZIEMBICKA-HAS 
Plac Grunwaldzki;£ SKA-TARCZY—SKA IZABELA MARIA ;62;WYØSZE ; 
Plac Grunwaldzki;MERWI—SKA WANDA  ;42;PEDAGOG ;OSIEDLOWI ZAPALE—CY I WANDA ZIEMBICKA-HAS 
Plac Grunwaldzki;PAWELEC BOØENA  ;54;TECHNIK ANALITYKI MEDYCZNEJ ; 
Plac Grunwaldzki;RONDZISTY JULIA TERESA ;60;KSI GOWA ;OSIEDLOWI ZAPALE—CY I WANDA ZIEMBICKA-HAS 
Plac Grunwaldzki;TUCZY—SKA KRYSTYNA JADWIGA ;69;PIEL GNIARKA ; 
Plac Grunwaldzki;ZIEMBICKA-HAS WANDA WIES£AWA ;69;DZIENNIKARZ, PEDAGOG ;OSIEDLOWI ZAPALE—CY I WANDA ZIEMBICKA-HAS 
Polanowice - PoúwiÍtne - Ligota;BRYDA EUGENIUSZ HIPOLIT ;62;KIEROWCA ; 
Polanowice - PoúwiÍtne - Ligota;DMITRUK DOROTA  ;52;FRYZJER ; 
Polanowice - PoúwiÍtne - Ligota;GRODZICKA MARIA  ;70;ZASADNICZE ; 
Polanowice - PoúwiÍtne - Ligota;KAWECKA ZOFIA  ;59;NAUCZYCIEL ; 
Polanowice - PoúwiÍtne - Ligota;KONEWECKA-MA£EK JOANNA EWA ;46;KSI GOWA ;ZIELONY WROC£AW 
Polanowice - PoúwiÍtne - Ligota;KONEWECKI RYSZARD MIECZYS£AW ;74;WYØSZE ;ZIELONY WROC£AW 
Polanowice - PoúwiÍtne - Ligota;KUCMUS BART£OMIEJ PIOTR ;29;INØYNIER BUDOWNICTWA ; 
Polanowice - PoúwiÍtne - Ligota;MACIEJEWSKA MA£GORZATA EWA ;56;PRZEDSI BIORCA ;ZIELONY WROC£AW 
Polanowice - PoúwiÍtne - Ligota;MA£EK BOGUSZ KRZYSZTOF ;49;LEKARZ ;ZIELONY WROC£AW 
Polanowice - PoúwiÍtne - Ligota;MASKOS BEATA  ;51;KSI GOWA ;ZIELONY WROC£AW 
Polanowice - PoúwiÍtne - Ligota;M•KOLSKI KRZYSZTOF TADEUSZ ;65;INØYNIER ARCHITEKT ;ZIELONY WROC£AW 
Polanowice - PoúwiÍtne - Ligota;NOWICKA MARZENNA MA£GORZATA ;56;EKONOMISTKA ;ZIELONY WROC£AW 
Polanowice - PoúwiÍtne - Ligota;NOWICKI MICHA£  ;21;STUDENT ;ZIELONY WROC£AW 
Polanowice - PoúwiÍtne - Ligota;PALINGER MA£GORZATA  ;50;åREDNIE ; 
Polanowice - PoúwiÍtne - Ligota;PASIKOWSKA ANNA MAGDALENA ;56;NAUCZYCIEL ;ZIELONY WROC£AW 
Polanowice - PoúwiÍtne - Ligota;PASZKOWSKI STANIS£AW  ;60;INØYNIER ARCHITEKT ;ZIELONY WROC£AW 
Polanowice - PoúwiÍtne - Ligota;PAWLIK MELANIA WITA ;88;EMERYT ; 
Polanowice - PoúwiÍtne - Ligota;PIE—KO KATARZYNA  ;74;EMERYT ; 
Polanowice - PoúwiÍtne - Ligota;SALOMON £UKASZ ARTUR ;35;LEKARZ ;ZIELONY WROC£AW 
Polanowice - PoúwiÍtne - Ligota;S£AWI—SKI LES£AW TOMASZ ;55;PRZEDSI BIORCA ;ZIELONY WROC£AW 
Polanowice - PoúwiÍtne - Ligota;STANKIEWICZ ADAM ZBIGNIEW ;76;åREDNIE ; 
Polanowice - PoúwiÍtne - Ligota;STA—CZYK JOANNA  ;46;PRZEDSI BIORCA ;ZIELONY WROC£AW 
Polanowice - PoúwiÍtne - Ligota;STA—CZYK MACIEJ KACPER ;26;INØYNIER ;ZIELONY WROC£AW 
Polanowice - PoúwiÍtne - Ligota;ST•CEL EMILIA  ;59;HANDLOWIEC ; 
Polanowice - PoúwiÍtne - Ligota;SZA£OWSKA BOØENA ALICJA ;69;RENCISTKA ; 
Polanowice - PoúwiÍtne - Ligota;åWITALSKA ELØBIETA TERESA ;71;NAUCZYCIEL ; 
Polanowice - PoúwiÍtne - Ligota;WOLNIEWICZ MARIA  ;63;WYØSZE ;ZIELONY WROC£AW 
PowstaÒcÛw ålπskich;BEREZA MICHA£  ;75;ZAWODOWE ;NASZE OSIEDLE 
PowstaÒcÛw ålπskich;KRYSZCZUK BOGUS£AW MARIAN ;67;NAUCZYCIEL ;WROC£AWSKIE FORUM SAMORZ•DOWE 
PowstaÒcÛw ålπskich;LUBICZ MISZEWSKI KRZYSZTOF BRONIS£AW ;73;GEOLOG ;WROC£AWSKIE FORUM SAMORZ•DOWE 
PowstaÒcÛw ålπskich;MALINA JAN  ;79;INØYNIER ELEKTRYK ;NASZE OSIEDLE 
PowstaÒcÛw ålπskich;STOPA JOLANTA JADWIGA ;64;EMERYT ; 
PowstaÒcÛw ålπskich;SZPARA MAREK  ;37;KIEROWNIK APTEKI ; 
PowstaÒcÛw ålπskich;WILK MARTYNA ANITA ;32;POLITOLOG ; 
PowstaÒcÛw ålπskich;BARTOLD TAMARA DOROTA ;61;WYØSZE PEDAGOGICZNE ;PRZYJAZNE OSIEDLE - BEZPARTYJNY WROC£AW 
PowstaÒcÛw ålπskich;EKERT-TYSZEWICZ ANNA EWA ;39;EKONOMISTA ;PRZYJAZNE OSIEDLE-BEZPARTYJNY WROC£AW 
PowstaÒcÛw ålπskich;MALUCHNIK KAROL  ;29;PRZEDSI BIORCA  ;PRZYJAZNE OSIEDLE-BEZPARTYJNY WROC£AW 
PowstaÒcÛw ålπskich;PRZYBYSZEWSKI ADAM ROMUALD ;55;MELIORANT ;PRZYJAZNE OSIEDLE-BEZPARTYJNY WROC£AW 
PowstaÒcÛw ålπskich;RAI—CZUK MACIEJ  ;31;PROJEKTANT ; 
PowstaÒcÛw ålπskich;SAMEK WIES£AW JAROS£AW ;59;WYØSZE ;PRZYJAZNE OSIEDLE-BEZPARTYJNY WROC£AW 
PowstaÒcÛw ålπskich;DRATWA STANIS£AW  ;79;INØYNIER ;WROC£AWSKIE FORUM SAMORZ•DOWE 
PowstaÒcÛw ålπskich;FILI—SKI RYSZARD MICHA£ ;65;INØYNIER ;WROC£AWSKIE FORUM SAMORZ•DOWE 
PowstaÒcÛw ålπskich;HERTMAN MATEUSZ  ;34;W£ASNA DZIA£ALNOå∆ ;PRZYJAZNE OSIEDLE-BEZPARTYJNY WROC£AW 
PowstaÒcÛw ålπskich;LASOTA MA£GORZATA IRENA ;34;WYØSZE ;PRZYJAZNE OSIEDLE-BEZPARTYJNY WROC£AW 
PowstaÒcÛw ålπskich;POBIEGUN KRYSTYNA STANIS£AWA ;73;KSI GOWA ;PRZYJAZNE OSIEDLE-BEZPARTYJNY WROC£AW 
PowstaÒcÛw ålπskich;POTRAC DARIUSZ ROBERT ;52;KUCHARZ - TECHNOLOG ZDROWEGO ØYWIENIA ;PRZYJAZNE OSIEDLE-BEZPARTYJNY WROC£AW 
PowstaÒcÛw ålπskich;REPCZY—SKA - WILDEMAN ALEKSANDRA LUCYNA ;63;EMERYT ;PRZYJAZNE OSIEDLE-BEZPARTYJNY WROC£AW 
PowstaÒcÛw ålπskich;BIELA—SKI KRZYSZTOF ANDRZEJ ;30;PRACOWNIK BIUROWY ;PRZYJAZNE OSIEDLE - BEZPARTYJNY WROC£AW 
PowstaÒcÛw ålπskich;GRABOWSKI ANTONI ZBIGNIEW ;58;RENCISTA ; 
PowstaÒcÛw ålπskich;JASNOWSKA BARBARA IRENA ;31;åREDNIE ;PRZYJAZNE OSIEDLE - BEZPARTYJNY WROC£AW 
PowstaÒcÛw ålπskich;KACZMAREK MARCIN  ;34;WYØSZE ;PRZYJAZNE OSIEDLE - BEZPARTYJNY WROC£AW 
PowstaÒcÛw ålπskich;KWIATKOWSKI MICHA£ STANIS£AW ;29;URZ DNIK PA—STWOWY ;PRZYJAZNE OSIEDLE - BEZPARTYJNY WROC£AW 
PowstaÒcÛw ålπskich;MENDOCHA STANIS£AW ZYGMUNT ;80;INØYNIER ;WROC£AWSKIE FORUM SAMORZ•DOWE 
PowstaÒcÛw ålπskich;PA£KA LESZEK WOJCIECH EDWARD ;66;LEKARZ SPECJALISTA MEDYCYNY RODZINNEJ ;PRZYJAZNE OSIEDLE - BEZPARTYJNY WROC£AW 
PowstaÒcÛw ålπskich;R KAWICZNA KINGA ZUZANNA ;35;HISTORYK ;PRZYJAZNE OSIEDLE - BEZPARTYJNY WROC£AW 
PowstaÒcÛw ålπskich;TERLECKI TADEUSZ FILIP ;42;TECHNIK CH£ODNICTWA ;PRZYJAZNE OSIEDLE - BEZPARTYJNY WROC£AW 
Pracze OdrzaÒskie;BASZAK J”ZEF MICHA£ ;63;ZAWODOWE ; 
Pracze OdrzaÒskie;B•K MIECZYS£AW  ;65;ZAWODOWE ; 
Pracze OdrzaÒskie;CHASZCZEWSKI JAN  ;68;ZAWODOWE ; 
Pracze OdrzaÒskie;CISOWSKA HELENA  ;69;ZAWODOWE ; 
Pracze OdrzaÒskie;DUTCZAK ANNA STANIS£AWA ;75;ZAWODOWE ; 
Pracze OdrzaÒskie;KUCHARSKI LESZEK  ;67;ZAWODOWE ; 
Pracze OdrzaÒskie;RAWSKA JUSTYNA JADWIGA ;37;åREDNIE ; 
Pracze OdrzaÒskie;RAWSKI HENRYK ZBIGNIEW ;71;ZAWODOWE ; 
Pracze OdrzaÒskie;SIELECKI MARCIN PIOTR ;37;WYØSZE ; 
Pracze OdrzaÒskie;SZEWCZYK HENRYK  ;64;KIEROWCA ; 
Pracze OdrzaÒskie;ZAWARTKA JOANNA  ;37;WYØSZE ; 
Pracze OdrzaÒskie;GRODECKI SEBASTIAN  ;38;åREDNIE ;GRUPA WYBORC”W POPRAWA OSIEDLA 
Pracze OdrzaÒskie;KAROLCZUK ADAM STANIS£AW ;65;WYØSZE ; 
Pracze OdrzaÒskie;MIåKIEWICZ JADWIGA JOLANTA ;67;åREDNIE ; 
Pracze OdrzaÒskie;PASIECZNY WOJCIECH PIOTR ;38;åREDNIE ; 
Pracze OdrzaÒskie;W”JCIAK JANINA  ;70;PODSTAWOWE ; 
Przedmieúcie åwidnickie;D•BROWSKA HALINA MARIA ;68;HANDLOWIEC ;KOMITET WYBORCZY PRZEDMIEåCIE åWIDNICKIE 
Przedmieúcie åwidnickie;GA£•ZKA KRYSTYNA  ;69;HANDLOWIEC ;KOMITET WYBORCZY PRZEDMIEåCIE åWIDNICKIE 
Przedmieúcie åwidnickie;GAZDA ANNA KATARZYNA ;37;PRCOWNIK SAMORZ•DOWY ;KOMITET WYBORCZY PRZEDMIEåCIE åWIDNICKIE 
Przedmieúcie åwidnickie;JAGIE££O PAWE£ JACEK ;24;PRAWNIK ; 
Przedmieúcie åwidnickie;KUBOWICZ ZBIGNIEW  ;37;AUTOMATYK INØYNIER ;BEZPARTYJNY WROC£AW 
Przedmieúcie åwidnickie;LEWANDOWSKI WIKTOR MIRON ;36;WYØSZE ;BEZPARTYJNY WROC£AW 
Przedmieúcie åwidnickie;£”J MARIA FRANCISZKA ;59;PEDAGOG ;KOMITET WYBORCZY PRZEDMIEåCIE åWIDNICKIE 
Przedmieúcie åwidnickie;MUSZY—SKA AGNIESZKA SYLWIA ;38;NAUCZYCIEL ;KOMITET WYBORCZY PRZEDMIEåCIE åWIDNICKIE 
Przedmieúcie åwidnickie;SZCZEPANIAK MAGDALENA  ;67;CHEMIK ;KOMITET WYBORCZY PRZEDMIEåCIE åWIDNICKIE 
Przedmieúcie åwidnickie;SZKUP TERESA  ;78;TECHNICZNE-EKONOMISTKA ; 
Przedmieúcie åwidnickie;åNIADY ROBERT REMIGIUSZ ;35;WYØSZE ; 
Przedmieúcie åwidnickie;WARDECKA LIDIA  ;60;CHEMIK ;WROC£AWSKIE FORUM SAMORZ•DOWE 
Przedmieúcie åwidnickie;WOJCIECHOWSKA DANUTA  ;63;EMERYTKA ; 
Przedmieúcie åwidnickie;ZIELEZI—SKI MARIUSZ PAWE£ ;24;DORADCA GOSPODARCZY ; 
Przedmieúcie åwidnickie;CHMURA STANIS£AW  ;80;TECHNIK MECHANIK ;KOMITET WYBORCZY PRZEDMIEåCIE åWIDNICKIE 
Przedmieúcie åwidnickie;DR”ØDØ IWONA BEATA ;36;EKONOMISTKA ; 
Przedmieúcie åwidnickie;DUCZY—SKA URSZULA MARIA ;62;INØYNIER ;PRZEDMIEåCIE åWIDNICKIE-LUBI  TO! 
Przedmieúcie åwidnickie;GOLCZAK IRENA ANNA ;63;GEOLOG ;KOMITET WYBORCZY PRZEDMIEåCIE åWIDNICKIE 
Przedmieúcie åwidnickie;KACZOROWSKI ROBERT WALDEMAR ;59;ADWOKAT ;"STOWARZYSZENIE - ""PRZYJAZNE OSIEDLE DLA LUDZI"" "
Przedmieúcie åwidnickie;£UNIEWSKA LEOKADIA  ;75;PEDAGOG ;KOMITET WYBORCZY PRZEDMIEåCIE åWIDNICKIE 
Przedmieúcie åwidnickie;MOLENDA LESZEK MIROS£AW ;60;NAUCZYCIEL ;KOMITET WYBORCZY PRZEDMIEåCIE åWIDNICKIE 
Przedmieúcie åwidnickie;R”ØA—SKA BOØENA DOROTA ;50;PSYCHOLOG ;PRZEDMIEåCIE åWIDNICKIE-LUBI  TO! 
Przedmieúcie åwidnickie;STASZEWSKI PIOTR ANDRZEJ ;23;MUZYK ;PRZEDMIEåCIE åWIDNICKIE-LUBI  TO! 
Przedmieúcie åwidnickie;STASZEWSKI WALDEMAR ZBIGNIEW ;57;NAUCZYCIEL ;PRZEDMIEåCIE åWIDNICKIE-LUBI  TO!, PO 
Przedmieúcie åwidnickie;ANKLEWICZ ADAM  ;27;ELEKTRYK ;KOMITET WYBORCZY PRZEDMIEåCIE åWIDNICKIE 
Przedmieúcie åwidnickie;DUBIEL KRYSTYNA  ;71;TECHNIK HOTELARZ ;KOMITET WYBORCZY PRZEDMIEåCIE åWIDNICKIE 
Przedmieúcie åwidnickie;JAWOROWSKI PRZEMYS£AW ROBERT ;37;MGR INØ. PROGRAMISTA ; 
Przedmieúcie åwidnickie;KAMI—SKA LEOKADIA IRENA ;86;HANDLOWIEC ; 
Przedmieúcie åwidnickie;LIS JANINA  ;90;LALKARKA ; 
Przedmieúcie åwidnickie;PUT MARIUSZ JANUSZ ;49;EKONOMISTA ;KOMITET WYBORCZY PRZEDMIEåCIE åWIDNICKIE 
Przedmieúcie åwidnickie;SIERADZKI £UKASZ LESZEK ;37;TECHNIK ELEKTROMONTER ;KOMITET WYBORCZY PRZEDMIEåCIE åWIDNICKIE 
Przedmieúcie åwidnickie;SO£TYS MA£GORZATA WANDA ;63;PRAWNIK ;KOMITET WYBORCZY PRZEDMIEåCIE åWIDNICKIE 
Przedmieúcie O≥awskie;CYPRYJA—SKA MAGDALENA  ;41;KSI GOWA ; 
Przedmieúcie O≥awskie;DUDEK BARBARA ZDZIS£AWA ;61;TECHNICZNE åREDNIE ; 
Przedmieúcie O≥awskie;GASIK ADRIANA URSZULA ;27;WYØSZE  ; 
Przedmieúcie O≥awskie;G£USZEK MICHA£ RAFA£ ;25;STUDENT ;KOLOROWE PRZEDMIEåCIE 
Przedmieúcie O≥awskie;GOLIMOWSKA KATARZYNA EMMA ;53;PIEL GNIARKA ; 
Przedmieúcie O≥awskie;GOLIMOWSKI MARIUSZ  ;46;OPERATOR MASZYN ; 
Przedmieúcie O≥awskie;GRASZEWICZ MAGDALENA J”ZEFA ;39;ADMINISTRATYWISTA ; 
Przedmieúcie O≥awskie;JOKS MARLENA EWA ;47; ; 
Przedmieúcie O≥awskie;KRUSZEWSKA LIDIA MAGDALENA ;41;PIEL GNIARKA ; 
Przedmieúcie O≥awskie;KRYJOM JOLANTA GRAØYNA ;65;KSI GOWA ; 
Przedmieúcie O≥awskie;LENARD ROBERT W£ODZIMIERZ ;54;ARTYSTA PLASTYK ;ZIELONY WROC£AW 
Przedmieúcie O≥awskie;MAKOWSKA EDYTA  ;41;PRACOWNIK ADMINISTRACYJNY ;KOLOROWE PRZEDMIEåCIE 
Przedmieúcie O≥awskie;MAKOWSKI WOJCIECH J”ZEF ;49;åREDNIE ;KOLOROWE PRZEDMIEåCIE 
Przedmieúcie O≥awskie;M•DRY DOMINIKA AGATA ;37;SPECJALISTA DS. KONTROLI ;WROC£AWSKIE FORUM SAMORZ•DOWE 
Przedmieúcie O≥awskie;MITEV BARBARA WIKTORIA ;34;INØYNIER BUDOWNICTWA, SOCJOLOG ; 
Przedmieúcie O≥awskie;NAWARA MAGDALENA  ;38;ARCHITEKT ; 
Przedmieúcie O≥awskie;NIEDZIA£KOWSKA MONIKA  ;38;åREDNIE ;KOLOROWE PRZEDMIEåCIE 
Przedmieúcie O≥awskie;NIEDZIA£KOWSKI ANDRZEJ ROBERT ;43;åREDNIE ;KOLOROWE PRZEDMIEåCIE 
Przedmieúcie O≥awskie;NOWAKOWSKA-DUK AGATA MAGDALENA ;41;ANIMATOR KULTURY ; 
Przedmieúcie O≥awskie;SKIBI—SKI BARTOSZ ANDRZEJ ;22;ASYSTENT RADCY PRAWNEGO ;KOLOROWE PRZEDMIEåCIE 
Przedmieúcie O≥awskie;SKIBI—SKI JAKUB ANDRZEJ ;22;ASYSTENT RADCY PRAWNEGO ;KOLOROWE PRZEDMIEåCIE 
Przedmieúcie O≥awskie;SOBCZAK GRZEGORZ  ;28;PRZEWODNIK MIEJSKI PO WROC£AWIU   ; 
Przedmieúcie O≥awskie;STOØEK MARTA MAGDALENA ;41;SPRZEDAWCZYNI ; 
Przedmieúcie O≥awskie;SZUMIELA JOANNA  ;60;NAUCZYCIEL ; 
Przedmieúcie O≥awskie;WAJDA WOJCIECH JAN ;24;STUDENT ;DZIE— DOBRY S•SIEDZIE ! 
Przedmieúcie O≥awskie;WIECZOREK JAN ALEKSANDER ;31;LINGWISTA ;DZIE— DOBRY S•SIEDZIE ! 
Przedmieúcie O≥awskie;ZAJST ANDRZEJ MIROS£AW ;26;STUDENT ; 
Przedmieúcie O≥awskie;BRUSI£OWICZ EDWARD ANDRZEJ ;53;WYØSZE ; 
Przedmieúcie O≥awskie;CZECHOWSKI PAWE£ MAURYCY ;22;STUDENT ;KOLOROWE PRZEDMIEåCIE 
Przedmieúcie O≥awskie;DROØDØY—SKA DOROTA CZES£AWA ;55;ZOOTECHNIK ; 
Przedmieúcie O≥awskie;DUBANIOWSKA AGNIESZKA  ;76;INØYNIER BUDOWNICTWA ; 
Przedmieúcie O≥awskie;DUDEK PIOTR CHARYTON ;22;RATOWNIK WODNY ;KOLOROWE PRZEDMIEåCIE 
Przedmieúcie O≥awskie;DZIELENDZIAK JANUSZ  ;47;DR CHEMII ; 
Przedmieúcie O≥awskie;GLINA £UKASZ W£ODZIMIERZ ;39;WYØSZE ; 
Przedmieúcie O≥awskie;GREå-OWSIAK MIROS£AWA MARIA ;55;WYØSZE ; 
Przedmieúcie O≥awskie;IMIELA AGNIESZKA URSZULA ;44;KIEROWNIK FUNDACJI ;STOWARZYSZENIE AKCJA MIASTO 
Przedmieúcie O≥awskie;JARZEMBSKI MATEUSZ DAWID ;21;KIEROWNIK PROJEKTU MIEJSKIEGO ;BEZPARTYJNY WROC£AW 
Przedmieúcie O≥awskie;MACHALSKI BOGUS£AW ROBERT ;62;MONTER INSTALACJI ; 
Przedmieúcie O≥awskie;MICACH JANUSZ DARIUSZ ;61;KIEROWCA ; 
Przedmieúcie O≥awskie;PADEREWSKI STANIS£AW JAN ;61;MALARZ ; 
Przedmieúcie O≥awskie;PRZYBY£O MICHA£ TADEUSZ ;71;WYØSZE ; 
Przedmieúcie O≥awskie;RAK MARTYNIUSZ RAFA£ ;31;RADCA PRAWNY ; 
Przedmieúcie O≥awskie;SKOCZYLAS MA£GORZATA  ;56;PODSTAWOWE ; 
Przedmieúcie O≥awskie;SOBIERAJ MARCIN MIECZYS£AW ;21;STUDENT ;KOLOROWE PRZEDMIEåCIE 
Przedmieúcie O≥awskie;TERKIEWICZ MARTA MARIA ;26;URZ DNIK ; 
Przedmieúcie O≥awskie;TWARDOWSKA HALINA JUSTYNA ;33;RENCISTKA ; 
Przedmieúcie O≥awskie;BUDZISZ ZYGMUNT MARIAN ;63;NAUCZYCIEL ; 
Przedmieúcie O≥awskie;GRZEGORCZYK KAMILA MAGDALENA ;37;HISTORYK SZTUKI ; 
Przedmieúcie O≥awskie;KOPE∆ £UKASZ  ;30;GEOGRAF ; 
Przedmieúcie O≥awskie;KOPE∆ PRZEMYS£AW EDWARD ;34;WYØSZE EKONOMICZNE ; 
Przedmieúcie O≥awskie;KULINIAK ANNA MARIA ;56;TECHNIK BUDOWLANY ; 
Przedmieúcie O≥awskie;KULINIAK JANUSZ  ;59;åREDNIE TECHNICZNE ; 
Przedmieúcie O≥awskie;LEWANDOWSKA ALICJA MARIOLA ;57;INØYNIER ROLNICTWA ; 
Przedmieúcie O≥awskie;MA£GOWSKA AGATA  ;22;åREDNIE; 
Przedmieúcie O≥awskie;MIELCZAREK ZOFIA  ;62;SPRZEDAWCA ; 
Przedmieúcie O≥awskie;NIEDèWIECKA KRYSTYNA  ;63;NAUCZYCIEL ; 
Przedmieúcie O≥awskie;PIJAR DARIA MA£GORZATA ;47;PRACOWNIK ADMINISTRACYJNY ;KOLOROWE PRZEDMIEåCIE 
Przedmieúcie O≥awskie;SKRZYSZEWSKI ADAM LECH ;34;INFORMATYK ; 
Przedmieúcie O≥awskie;STERCZEWSKI JACEK  ;24;SOCJOLOG ; 
Przedmieúcie O≥awskie;SZWEC MARZENA JANINA ;47;KUCHARZ ;KOLOROWE PRZEDMIEåCIE 
Przedmieúcie O≥awskie;SZWEC RENATA HELENA ;26;KUCHARZ ;KOLOROWE PRZEDMIEåCIE 
Przedmieúcie O≥awskie;SZWEC URSZULA WANDA ;20;ANIMATORKA CZASU WOLNEGO ;KOLOROWE PRZEDMIEåCIE 
Przedmieúcie O≥awskie;SZYMA—SKA ANNA  ;20;KOORDYNATOR WOLNTARIATU W FUNDACJI ;KOLOROWE PRZEDMIEåCIE 
Przedmieúcie O≥awskie;SZYMA—SKI TOMASZ £UKASZ ;22;STUDENT ;KOLOROWE PRZEDMIEåCIE 
Przedmieúcie O≥awskie;WEBER MARIA JULITA ;59;INØYNIER BUDOWNICTWA ;PRZYJAZNE OSIEDLE  
Przedmieúcie O≥awskie;W£ADCZYK IRENA DANUTA ;64;ZAWODOWE ;WROC£AWSKIE FORUM SAMORZ•DOWE 
Psie Pole - Zawidawie;DOMA—SKA SANDRA ANETA ;30;SPECJALISTA DS ZARZ•DZANIA ;STOWARZYSZENIE AKCJA MIASTO 
Psie Pole - Zawidawie;KALWAT JAKUB SEBASTIAN ;39;ZAWODOWE ; 
Psie Pole - Zawidawie;KOSTANOWICZ MARZENA ELØBIETA ;50;åREDNIE TECHNICZNE ; 
Psie Pole - Zawidawie;KOWALSKI JAROS£AW JERZY ;45;ARCHITEKT ;BEZPARTYJNY WROC£AW 
Psie Pole - Zawidawie;KURZYNSKI PAWE£ JAN ;65;POLITOLOG ;BEZPARTYJNY WROC£AW 
Psie Pole - Zawidawie;MUTER MONIKA KATARZYNA ;45;åREDNIE ; 
Psie Pole - Zawidawie;WITKOWSKA MAGDALENA MARIA ;31;MAGISTER FILOLOGII POLSKIEJ ; 
Psie Pole - Zawidawie;WRONA ZDZIS£AW JAN ;68;TECHNIK ENERGETYK ; 
Psie Pole - Zawidawie;BARSZCZYK MARCIN PAWE£ ;40;TECHNIK ; 
Psie Pole - Zawidawie;£UKACZYK RAFA£ DARIUSZ ;46;PRAWNIK ; 
Psie Pole - Zawidawie;MAZURKIEWICZ ALEKSANDRA AGNIESZKA ;42;DORADCA FINANSOWY ;ZIELONY WROC£AW 
Psie Pole - Zawidawie;MINCER TADEUSZ ALBERT ;34;MENADØER KULTURY ; 
Psie Pole - Zawidawie;RESZKA LESZEK  ;40;MASZYNISTA OFFSETOWY/DRUKARZ ;BEZPARTYJNY WROC£AW 
Psie Pole - Zawidawie;SOLAREK JAN BOGUMI£ ;49;W£ASNA DZIA£ALNOå∆ GOSPODARCZA ; 
Psie Pole - Zawidawie;SZYMKOWIAK NORBERT JERZY ;49;NAUCZYCIEL ;BEZPARTYJNY 
Psie Pole - Zawidawie;W£ODARSKI RADOS£AW ZDZIS£AW ;41;SPECJALISTA DS. MARKETINGU ;BEZPARTYJNY WROC£AW 
Psie Pole - Zawidawie;W£ODARSKI RAFA£ GRZEGORZ ;27;NAUCZYCIEL WYCHOWANIA FIZYCZNEGO ;BEZPARTYJNY WROC£AW 
Psie Pole - Zawidawie;B£ACZKOWSKI LECH WOJCIECH ;62;WYØSZE NAUCZYCIELSKIE ;STOWARZYSZENIE ZMIENIAJ ZAKRZ”W 
Psie Pole - Zawidawie;CHASZCZEWICZ ADAM KAROL ;23;STUDENT ;LEPSZY ZAKRZ”W 
Psie Pole - Zawidawie;CHOWANIEC WOJCIECH W£ADYS£AW ;42;ZARZ•DCA NIERUCHOMOåCI ;STOWARZYSZENIE ZMIENIAJ ZAKRZ”W 
Psie Pole - Zawidawie;GLI—SKA MONIKA EWA ;36;REDAKTOR ;STOWARZYSZENIE ZMIENIAJ ZAKRZ”W 
Psie Pole - Zawidawie;KLIMASZEWSKA ADRIANNA  ;25;PRACOWNIK ADMINISTRACJI PUBLICZNEJ ;LEPSZY ZAKRZ”W 
Psie Pole - Zawidawie;KOåCIUSZKO BRYGIDA BARBARA ;47;SPECJALISTA DS. PERSONALNYCH ; 
Psie Pole - Zawidawie;KURCZEWSKI MICHA£ TYMOTEUSZ ;33;SOCJOLOG ;STOWARZYSZENIE ZMIENIAJ ZAKRZ”W 
Psie Pole - Zawidawie;GLI—SKI MARCIN DAWID ;36;INØYNIER ;STOWARZYSZENIE ZMIENIAJ ZAKRZ”W 
Psie Pole - Zawidawie;G£OWACKI BARTOSZ RYSZARD ;37;NAUCZYCIEL ;STOWARZYSZENIE ZMIENIAJ ZAKRZ”W 
Psie Pole - Zawidawie;MISZCZUK EWA  ;41;SOCJOLOG, DZIENNIKARZ ; 
Psie Pole - Zawidawie;OSOWSKA MARIA ANTONINA ;33;NAUCZYCIEL ;STOWARZYSZENIE ZMIENIAJ ZAKRZ”W 
Psie Pole - Zawidawie;SIERZCHU£A BOGDAN W£ADYS£AW ;61;åREDNIE TECHNICZNE ; 
So≥tysowice;BASTA TOMASZ  ;52;WYØSZE ; 
So≥tysowice;BOGDZIUN MARIAN JAN ;70;WYØSZE ; 
So≥tysowice;ERD ARTUR GRZEGORZ ;49;PRZEDSI BIORCA ; 
So≥tysowice;GAJEWSKA MAGDALENA EWA ;19;STUDENT ; 
So≥tysowice;GROBELNY MAREK ALEKSANDER ;35;ARCHITEKT BIZNESOWY ; 
So≥tysowice;JASZCZY—SKI KRZYSZTOF ANDRZEJ ;41;WYØSZE ; 
So≥tysowice;KALETA MICHA£ STEFAN ;25;STUDENT ; 
So≥tysowice;KOBESZKO MARIAN TOMASZ ;58;WYØSZE ;BEZPARTYJNY 
So≥tysowice;KR”LICKI TOMASZ ALEKSANDER ;20;STUDENT ; 
So≥tysowice;£AWNICZAK MICHA£  ;19;UCZE— ; 
So≥tysowice;OCHMAN BEATA MARIA ;55;NAUCZYCIEL ; 
So≥tysowice;OCHMAN CEZARY JAN ;29;INØYNIER ; 
So≥tysowice;POLNA ELØBIETA HELENA ;61;TECHNIK ELEKTRONIK ; 
So≥tysowice;åNIGUCKI PIOTR ADAM ;55;WYØSZE ; 
So≥tysowice;TYRAKOWSKA MA£GORZATA EWA ;29;WYØSZE ; 
So≥tysowice;WYBORSKI PIOTR KRZYSZTOF ;21;STUDENT ; 
So≥tysowice;ZIARKOWSKI £UKASZ GRZEGORZ ;27;EKONOMISTA ; 
Stare Miasto;BORATYN KATARZYNA ELØBIETA ;43;WYØSZE ;#LEPSZE STARE MIASTO #LEPSZY WROC£AW 
Stare Miasto;GO£KA MAREK JAN ;48;WYØSZE ;#LEPSZE STARE MIASTO #LEPSZY WROC£AW
Stare Miasto;MAKOWSKI GRZEGORZ PIOTR ;27;INFORMATYK ; 
Stare Miasto;NOWAK WOJCIECH JULIAN ;44;WYØSZE ;STARE MIASTO - LUBI  TO 
Stare Miasto;PIECUCH JOLANTA GRAØYNA ;46;WYØSZE ;#LEPSZE STARE MIASTO #LEPSZY WROC£AW 
Stare Miasto;STACHORZECKA MARIA HELENA ;72;EMERYTKA ;STARE MIASTO - LUBI  TO! 
Stare Miasto;SZELC J DRZEJ KALIKST ;35;INØYNIER ;BEZPARTYJNY WROC£AW 
Stare Miasto;SZELC OLGA MARIA ;47;WYØSZE ;#LEPSZE STARE MIASTO #LEPSZY WROC£AW 
Stare Miasto;SZMYD ANDRZEJ  ;33;KIEROWCA ZAWODOWY ;STARE MIASTO - LUBI  TO! 
Stare Miasto;TEKLI—SKI MICHA£ PAWE£ ;35;WYØSZE ;BEZPARTYJNY WROC£AW
Stare Miasto;TRUCHAN PIOTR  ;26;åREDNIE ; 
Stare Miasto;APIECIONEK ROBERT PIOTR ;44;MENEDØER ;STARE MIASTO-LUBI  TO 
Stare Miasto;BALEJA JANUSZ  ;66;STOLARZ ;STARE MIASTO-LUBI  TO! 
Stare Miasto;IDZIKOWSKA KRYSTYNA DOROTA ;69;NAUCZYCIEL ;STARE MIASTO-LUBI  TO! 
Stare Miasto;JO—SKI DANIEL PIOTR ;25;STUDENT ;STARE MIASTO-LUBI  TO 
Stare Miasto;JO—SKI KAMIL PIOTR ;22;KIEROWCA ;STARE MIASTO - LUBI  TO! 
Stare Miasto;STANEK GABRIELA ANIELA ;60;åREDNIE ; 
Stare Miasto;W£ADYCZKA ANNA DOROTA ;53;MUZYKOLOG ;KANDYDAT NIEZALEØNY
Stare Miasto;DAWIDOWICZ-REUTER ELWIRA TERESA ;65;SPECJALISTA DS. KONTROLI ;STARE MIASTO LUBI  TO! 
Stare Miasto;GIERCZAK MA£GORZATA  ;60;MAGISTER PIEL GNIARSTWA ;STARE MIASTO LUBI  TO 
Stare Miasto;KAWICKA EWA ANNA ;23;STUDENT ; 
Stare Miasto;MIKO£AJCZYK JUSTYNA  ;32;WYØSZE ; 
Stare Miasto;NIEZGODZKA JOLANTA MAGDALENA ;26;MAGISTER PRAWA ;#LEPSZE STARE MIASTO #LEPSZY WROC£AW 
Stare Miasto;ZAWIåLA—SKI ANDRZEJ MIKO£AJ ;44;åREDNIE ; 
Stare Miasto;BIELECKA-GO£KA HALINA  ;52;WYØSZE ;#LEPSZE STARE MIASTO #LEPSZY WROC£AW 
Stare Miasto;BITTNER-CIO£EK AGNIESZKA ANNA ;42;NAUCZYCIELKA ;KANDYDAT NIEZALEØNY 
Stare Miasto;GRABOWSKI WITOLD SZYMON ;76;WYØSZE ;#LEPSZE STARE MIASTO #LEPSZY WROC£AW 
Stare Miasto;HABA GRAØYNA  ;72;KOSMETYCZKA ;KANDYDAT NIEZALEØNY 
Stare Miasto;KAPU£KA WOJCIECH KAZIMIERZ ;32;PRAWNIK/RADCA PRAWNY ; 
Stare Miasto;NARBUTOWICZ KRZYSZTOF MIECZYS£AW ;53;PRZEDSI BIORCA ;KANDYDAT NIEZALEØNY 
Stare Miasto;NICIEJEWSKI KRZYSZTOF  ;41;åREDNIE ;#LEPSZE STARE MIASTO #LEPSZY WROC£AW 
Stare Miasto;RYMASZEWSKI RYSZARD  ;75;EMERYT ;STARE MIASTO-LUBI  TO!
Stare Miasto;STACHORZECKI KRZYSZTOF CZES£AW ;31;åREDNIE ;STARE MIASTO-LUBI  TO!
Stare Miasto;W”JCIK IGOR MARCIN ;48;DZIA£ACZ KULTURY ;STARE MIASTO-LUBI  TO!
Strachocin - Swojczyce - WojnÛw;BERDOWICZ RENATA JOLANTA ;50;EKONOMISTA PEDAGOG ; 
Strachocin - Swojczyce - WojnÛw;CHRUåCIEL AGNIESZKA  ;46;NAUCZYCIEL ; 
Strachocin - Swojczyce - WojnÛw;K•KALEC ANNA  ;44;ARCHITEKT WN TRZ ;Z PASJA DLA OSIEDLA 
Strachocin - Swojczyce - WojnÛw;PASIERSKI JAROS£AW ZBIGNIEW ;49;GEODETA ;Z PASJ• DLA OSIEDLA 
Strachocin - Swojczyce - WojnÛw;PIWKO-WOLNY RENATA JOLANTA ;48;PRZEDSI BIORCA ;Z PASJ• DLA OSIEDLA 
Strachocin - Swojczyce - WojnÛw;REDER TADEUSZ  ;70;åREDNIE TECHNICZNE ;Z PASJ• DLA OSIEDLA 
Strachocin - Swojczyce - WojnÛw;SKORUPA BEATA MARZENA ;45;INØYNIER ;Z PASJ• DLA OSIEDLA 
Strachocin - Swojczyce - WojnÛw;TORZ MICHA£  ;31;ARCHEOLOG, DZIENNIKARZ ;BEZPARTYJNY WROC£AW 
Strachocin - Swojczyce - WojnÛw;BIELECKA HALSZKA BEATA ;31;FILOLOG ; 
Strachocin - Swojczyce - WojnÛw;DZIEDOSZYCKA KRYSTYNA  ;70;åREDNIE ; 
Strachocin - Swojczyce - WojnÛw;NOWAK TERESA MARIA ;72;NAUCZYCIEL ;Z PASJ• DLA OSIEDLA 
Strachocin - Swojczyce - WojnÛw;PI•TEK STANIS£AW ROMAN ;32;MAGISTER INØYNIER ; 
Strachocin - Swojczyce - WojnÛw;PIETRZAK RAFA£ MARIUSZ ;33;INFORMATYK ;Z PASJ• DLA OSIEDLA 
Strachocin - Swojczyce - WojnÛw;SKOWRO—SKA JOLANTA GRAØYNA ;66;WYØSZE ; 
Strachocin - Swojczyce - WojnÛw;TOKARZ MARIUSZ  ;44;åREDNIE ;Z PASJ• DLA OSIEDLA 
Strachocin - Swojczyce - WojnÛw;TRACZ £UKASZ  ;27;WYØSZE ;WROC£AWSKIE FORUM SAMORZ•DOWE 
Strachocin - Swojczyce - WojnÛw;WALCZAK TOMASZ WOJCIECH ;35;URZ DNIK ; 
åwiniary;B£ACHNIO WIOLETTA TERESA ;27;LOGISTYK ; 
åwiniary;DYMKOWSKA KATARZYNA JOANNA ;40;EKONOMISTA ; 
åwiniary;GRONOSTAJSKI GRZEGORZ MICHA£ ;35;KIEROWCA ; 
åwiniary;JAWORSKA TERESA BOØENA ;51;KUCHMISTRZ ; 
åwiniary;KOåNIKOWSKA AGNIESZKA  ;38;REDAKTOR ; 
åwiniary;KRAJEWSKA AGATA MA£GORZATA ;33;PRACOWNIK ADMINISTRACYJNO-BIUROWY ; 
åwiniary;MARCINIAK GRZEGORZ MIECZYS£AW ;46;KIEROWCA ; 
åwiniary;RYLOKOWSKA-MACI•ØEK MARTA  ;35;FIZJOTERAPEUTA ; 
åwiniary;ST PNIAK AGNIESZKA MARTA ;40;EKONOMISTA ; 
åwiniary;SZOSTEK JOANNA DOMINIKA ;39;INSPEKTOR BHP ; 
åwiniary;SZOSTEK SEBASTIAN  ;41;KIEROWCA ; 
åwiniary;SZULC AGNIESZKA ANNA ;40;DIETETYK ; 
åwiniary;SZULC DANIEL  ;39;TECHNOLOG ROLNICTWA I LEåNICTWA ; 
åwiniary;SZYMCZYK KRYSTYNA MARIA ;69;CHEMIK ; 
åwiniary;TREPKA MARIUSZ DARIUSZ ;50;STRAØAK ; 
Szczepin;ANKUDOWICZ JAROS£AW ADAM ;41;WYØSZE ;SZCZEPIN - LUBI  TO! 
Szczepin;CZERNIEWSKI TADEUSZ  ;80;EMERYT ; 
Szczepin;DEMBOWSKI PAWE£  ;34;T£UMACZ; 
Szczepin;GRANAT DARIUSZ  ;28;åREDNIE ;WROC£AWSKIE FORUM SAMORZ•DOWE 
Szczepin;GRANOWSKI WOJCIECH KRZYSZTOF ;40;WYØSZE PRAWICZE ;SZCZEPIN - LUBI  TO! 
Szczepin;KRASI—SKA AGNA MAGDALENA ;48;WYØSZE ;SZCZEPIN - LUBI  TO! 
Szczepin;SIEMIEØ £UKASZ KRZYSZTOF ;34;PODSTAWOWE ;SZCZEPIN - LUBI  TO! 
Szczepin;SZATKOWSKA BARBARA ANTONINA ;66;EMERYT ; 
Szczepin;TARASIEWICZ ANNA ELWIRA ;42;WYØSZE ;SZCZEPIN - LUBI  TO! 
Szczepin;WDOWIAK-URBA—CZYK MAGDALENA MARIA ;35;WYØSZE ;SZCZEPIN - LUBI  TO! 
Szczepin;ØAK £UCJA  ;72;EMERYT ; 
Szczepin;ANKUDOWICZ BEATA ZOFIA ;37;WYØSZE ;SZCZEPIN - LUBI  TO! 
Szczepin;KACPRZY—SKA LUCYNA  ;39;TECHNIK EKONOMISTA ;WROC£AWSKIE FORUM SAMORZ•DOWE 
Szczepin;KALICKA URSZULA LUCYNA ;31;TECHNIK TECHNOLOGII ODZIEØY ;SZCZEPIN - LUBI  TO! 
Szczepin;KLIMA JOANNA BARBARA ;44;NAUCZYCIEL ;SERCE SZCZEPINA 
Szczepin;MACIEJEWSKA KATARZYNA  ;35;WYØSZE ;SZCZEPIN - LUBI  TO! 
Szczepin;NOWICKI ARKADIUSZ  ;23;HANDLOWIEC ;ZIELONY SZCZEPIN 
Szczepin;SARNA ROMAN  ;54;MECHANIK MASZYN ;SZCZEPIN - LUBI  TO! 
Szczepin;SKUP S£AWOMIR  ;56;RENCISTA ;WROC£AWSKIE FORUM SAMORZ•DOWE 
Szczepin;STANIOROWSKA ALEKSANDRA ZOFIA ;27;MALARKA ;SZCZEPIN - LUBI  TO! 
Szczepin;STANIOROWSKA ANNA MARIA ;27;HISTORYK SZTUKI ;SZCZEPIN - LUBI  TO! 
Szczepin;STRAUS WITOLD KRZYSZTOF ;29;PRAWNIK ;SERCE SZCZEPINA 
Szczepin;STRZELECKA ALDONA RENATA ;62;WYØSZE EKONOMICZNE ; 
Szczepin;SUWALSKA URSZULA EWA ;47;HANDLOWIEC ;WROC£AWSKIE FORUM SAMORZ•DOWE 
Szczepin;SZKLARZ PIOTR KAZIMIERZ ;35;PRZEDSI BIORCA ;SZCZEPIN - LUBI  TO! 
Szczepin;SZRAMA MAREK TADEUSZ ;56;åLUSARZ ;WROC£AWSKIE FORUM SAMORZ•DOWE 
Szczepin;SZWEC MARIA REGINA ;73;EKONOMISTA ;WROC£AWSKIE FORUM SAMORZ•DOWE 
Szczepin;TYMI—SKA MARIA J”ZEFA ;71;HANDLOWIEC ;WROC£AWSKIE FORUM SAMORZ•DOWE 
Szczepin;WARULIK WOJCIECH WIKTOR ;71;WYØSZE ;SZCZEPIN - LUBI  TO! 
Szczepin;WOJCIECHOWSKI ZYGMUNT  ;65;ELEKTRONIK ;WROC£AWSKIE FORUM SAMORZ•DOWE 
Szczepin;WOLDAN RAFA£ MICHA£ ;45;WYØSZE ;SERCE SZCZEPINA 
Szczepin;ØURCZAK MARCIN LEON ;78;AUTOMATYK ;WROC£AWSKIE FORUM SAMORZ•DOWE 
Szczepin;BRZOZOWSKA MARIANNA MAGDALENA ;63;BIBLIOTEKARZ ;SZCZEPIN - LUBI  TO 
Szczepin;DWOJAK ANDRZEJ TOMASZ ;55;ARCHEOLOG ; 
Szczepin;JAROCKA MA£GORZATA DOROTA ;41;WYØSZE ;SZCZEPIN - LUBI  TO 
Szczepin;KONICKI EDWARD  ;74;EMERYT ; 
Szczepin;KORDEK-PI”REK ANNA WANDA ;30;åREDNIE;SERCE SZCZEPINA 
Szczepin;KUBICKA ELØBIETA  ;76;EKONOMISTA ;SZCZEPIN - LUBI  TO 
Szczepin;MATEUSIAK TERESA MARIANNA ;73;åREDNIE ; 
Szczepin;PAèDZIOR MAGDALENA  ;42;MGR ADMINISTRACJI ; 
Szczepin;PIONTEK JAN FELIKS ;54;TECHNOLOG DRUKARZ ;SZCZEPIN - LUBI  TO 
Szczepin;SIOMA MARIA  ;67;EMERYT ; 
Szczepin;SZCZEåNIEWSKI MAREK JERZY ;56;åREDNIE ; 
Szczepin;WARULIK TOMASZ PIOTR ;46;WYØSZE ;SZCZEPIN - LUBI  TO 
Tarnogaj;DOBKIEWICZ JADWIGA KRYSTYNA ;65;TECHNIK EKONOMISTA ; 
Tarnogaj;DOBKIEWICZ KRZYSZTOF  ;67;CIEåLA BUDOWLANY ; 
Tarnogaj;G”RAL JANINA KRYSTYNA ;65;EKONOMICZNE ; 
Tarnogaj;HER”D DANUTA TERESA ;64;TECHNIK EKONOMISTA ; 
Tarnogaj;JANCZEWSKI WITOLD  ;60;TECHNOLOG WODY ; 
Tarnogaj;KUCZY—SKI MARCIN MICHA£ ;30;KIEROWCA AUTOBUSU ; 
Tarnogaj;KULA £UKASZ MARIAN ;36;åREDNIE ; 
Tarnogaj;KURAå WALDEMAR  ;67;PALACZ C.O. ; 
Tarnogaj;MENTEL JOLANTA MARIA ;53;WYØSZE EKONOMICZNE ; 
Tarnogaj;MYSZKO TOMASZ ADAM ;30;SPECJALISTA DS. KOMUNIKACJI I MARKETINGU ;PRZYJAZNY TARNOGAJ 
Tarnogaj;PACZKOWSKA IWONA TERESA ;45;NAUCZYCIEL ; 
Tarnogaj;PACZKOWSKI MARCIN  ;46;TECHNIK MECHANIK ; 
Tarnogaj;ROGALI—SKA BARBARA  ;36;MANAGER KSI GOWOåCI FUNDUSZY ;PRZYJAZNY TARNOGAJ 
Tarnogaj;SIEMASZKO BOØENA HELENA ;60;POLICEALNE KSI GOWA ; 
Tarnogaj;SIEMASZKO MIECZYS£AW  ;65;MONTER ; 
Tarnogaj;SIKORSKI MICHA£  ;33;ARCHITEKT ;PRZYJAZNY TARNOGAJ 
Tarnogaj;SOB”TKA RYSZARD  ;62;åREDNIE TECHNICZNE ; 
Tarnogaj;TATYS £UKASZ EMANUEL ;34;INFORMATYK ;PRZYJAZNY TARNOGAJ 
Tarnogaj;URBANIAK MA£GORZATA TERESA ;56;SPRZEDAWCA ; 
Tarnogaj;URBANIAK MAREK ZYGMUNT ;56;MONTER SIECI I INSTALACJI GAZOWEJ ; 
Widawa;BILSKA-MAREK PAULINA KATARZYNA ;33;DOKTOR NAUK SPO£ECZNYCH ;M£ODZI WIDAWA 
Widawa;DUSZA WIES£AW  ;71;EMERYT ; 
Widawa;DYRA MATEUSZ  ;22;STUDENT ;LEPSZA WIDAWA 
Widawa;DZIEDZICKI J”ZEF RYSZARD ;67;EMERYT ; 
Widawa;FEDUNKIW BOGDAN  ;67;EMERYT ; 
Widawa;G£OWA ANNA BARBARA ;34;MANAGER ROZWOJU PRODUKT”W ;M£ODZI WIDAWA 
Widawa;JANIK JOANNA  ;39;KSI GOWA ;M£ODZI WIDAWA 
Widawa;K•CKA AGNIESZKA MARIA ;37;NAUCZYCIEL ;M£ODZI WIDAWA 
Widawa;MAJEWSKI GRZEGORZ PATRYK ;33;TECHNIK MECHANIK ;M£ODZI WIDAWA 
Widawa;MAJEWSKI RYSZARD  ;65;ZAWODOWE ; 
Widawa;MAREK PAWE£ JAN ;32;KIEROWNIK PROJEKT”W IT ;M£ODZI WIDAWA 
Widawa;MIELNICKA KAROLINA AGNIESZKA ;30;SPECJALISTA DS CONTROLLINGU ;M£ODZI WIDAWA 
Widawa;PANOWICZ ALEKSANDRA  ;32;FIZJITERAPEUTA ;M£ODZI WIDAWA 
Widawa;PANOWICZ PAWE£ MARCIN ;34;IT MANAGER ;M£ODZI WIDAWA 
Widawa;PARYØ-ZG£OBICA MARIA MAGDALENA ;36;SPECJALISTA DS ZARZ•DZANIA ZASOBAMI LUDZKIMI ;M£ODZI WIDAWA 
Widawa;R”ØA—SKI MACIEJ PIOTR ;24;PRACOWNIK BANKU, STUDENT ; 
Widawa;SALAMON ADRIANA KATARZYNA ;42;DYREKTOR FINANSOWY ;M£ODZI WIDAWA 
Widawa;SZKODNA DOMINIKA MARTA ;23;åREDNIE ;LEPSZA WIDAWA 
Widawa;WIåNIK KINGA  ;41;NAUCZYCIEL ;M£ODZI WIDAWA 
Widawa;ZIA£A MARCIN £UKASZ ;27;LEKARZ ;M£ODZI WIDAWA 
Widawa;ØAK MATEUSZ DAMIAN ;22;STUDENT ;LEPSZA WIDAWA 
Wojszyce;ADAMCZYK MARZENA BARBARA ;45;WYØSZE ;WOJSZYCE RAZEM 
Wojszyce;BI£AS LEOKADIA KATARZYNA ;83;EKONOMISTA ;BEZPARTYJNY 
Wojszyce;BUDREWICZ-WR”BLEWSKA BARBARA  ;47;WYØSZE ;BEZPARTYJNY 
Wojszyce;CHALAMUS AGNIESZKA DOROTA ;45;RADCA PRAWNY ;WOJSZYCE RAZEM 
Wojszyce;CZARNA ZOFIA  ;74;BIOLOG ;WOJSZYCE RAZEM 
Wojszyce;D£UGOSZ JAN STEFAN ;72;INØYNIER ;WOJSZYCE RAZEM 
Wojszyce;DYJAKON JERZY TADEUSZ ;60;AUTOMATYK ;BEZPARTYJNY 
Wojszyce;DYRKACZ WALDEMAR MARIUSZ ;39;åREDNIE ;WOJSZYCE RAZEM 
Wojszyce;FALKOWSKI PIOTR JERZY ;37;ARCHITEKT ;TOWARZYSTWO UPI KSZANIA MIASTA WROC£AWIA 
Wojszyce;HAREWICZ WALDEMAR ANDRZEJ ;64;åREDNIE TECHNICZNE ;BEZPARTYJNY 
Wojszyce;HERFURT WOJCIECH JERZY ;57;LEKARZ ;WOJSZYCE RAZEM 
Wojszyce;JAMKA SYLWESTER  ;63;WYØSZE TECHNICZNE ;WOJSZYCE RAZEM 
Wojszyce;KILAR PIOTR  ;58;åREDNIE TECHNICZNE ;BEZPARTYJNY 
Wojszyce;KILIAN WIES£AWA  ;65;åREDNIE TECHNICZNE ;BEZPARTYJNY 
Wojszyce;KRZESAJ NATALIA MONIKA ;30;WYØSZE ;WOJSZYCE RAZEM 
Wojszyce;KRZESAJ PIOTR PAWE£ ;54;WYØSZE EKONOMICZNE ;WOJSZYCE RAZEM 
Wojszyce;KRZYØAK EDWARD JERZY ;47;NAUCZYCIEL AKADEMICKI ;ZIELONY WROC£AW 
Wojszyce;KULIK ZYGMUNT  ;73;WYØSZE ;WOJSZYCE RAZEM 
Wojszyce;KWAåNIEWSKA-DYRKACZ AGNIESZKA KATARZYNA ;42;åREDNIE ;WOJSZYCE RAZEM 
Wojszyce;LISIAK MIROS£AWA  ;60;WYØSZE ; 
Wojszyce;LUTY JERZY  ;42;NAUCZYCIEL AKADEMICKI ;ZIELONY WROC£AW 
Wojszyce;MALINOWSKI JERZY KAZIMIERZ ;72;GEODETA ;BEZPARTYJNY 
Wojszyce;MAZUR J”ZEF  ;76;NAUCZYCIEL ;BEZPARTYJNY 
Wojszyce;MOCZULSKA MARTA MA£GORZATA ;41;WYØSZE MUZYCZNE ;WOJSZYCE RAZEM 
Wojszyce;PIECHOCKA JANINA JADWIGA ;70;åREDNIE TECHNICZNE ;BEZPARTYJNY 
Wojszyce;PIECHURKO WANDA ANNA ;72;åREDNIE ;BEZPARTYJNA 
Wojszyce;PISZAK MARIA ANNA ;68;GEODETA ;BEZPARTYJNY 
Wojszyce;SOWA ELØBIETA BARBARA ;60;TECHNIK BUDOWLANY ;BEZPARTYJNY 
Wojszyce;SOWA WOJCIECH MIROS£AW ;61;åREDNIE TECHNICZNE ;BEZPARTYJNY 
Wojszyce;SZYMKIEWICZ MAGDALENA ANNA ;38;WYØSZE EKONOMICZNE ;WOJSZYCE RAZEM 
Wojszyce;åWIDERSKI WOJCIECH ZBIGNIEW ;57;WYØSZE ;WOJSZYCE RAZEM 
Wojszyce;ZAWADA GRAØYNA TERESA ;64;WYØSZE ;BEZPARTYJNY 
Zacisze - Zalesie - Szczytniki;BEDNARZ RENATA JOLANTA ;50;WYØSZE EKONOMICZNE ;ZADBAJMY O SZCZYTNIKI 
Zacisze - Zalesie - Szczytniki;DUDEK-SZUMOWSKA DANUTA MARIA ;63;INØYNIER BUDOWNICTWA ;NASZE OSIEDLE 
Zacisze - Zalesie - Szczytniki;GODLEWSKI MICHA£ JAN ;60;WYØSZE EKONOMICZNE ;ZADBAJMY O SZCZYTNIKI 
Zacisze - Zalesie - Szczytniki;MAURER ROBERT JAROS£AW ;48;POLITOLOG ;NASZE OSIEDLE 
Zacisze - Zalesie - Szczytniki;MUSZY—SKI PAWE£ MARIA ;68;INØYNIER MECHANIK ;NASZE OSIEDLE 
Zacisze - Zalesie - Szczytniki;WYSOCZA—SKA URSZULA  ;54;LEKARZ OKULISTA ;ZADBAJMY O SZCZYTNIKI 
Zacisze - Zalesie - Szczytniki;GOLEMA MARCIN MACIEJ ;42;HISTORYK ;NASZE OSIEDLE 
Zacisze - Zalesie - Szczytniki;JAKUBIEC TOMASZ MAREK ;40;TECHNIK OBS£UGI TURYSTYCZNEJ ; 
Zacisze - Zalesie - Szczytniki;JURNECZKO RAFA£ KRZYSZTOF ;39;POLITOLOG ;NASZE OSIEDLE 
Zacisze - Zalesie - Szczytniki;KMITA J”ZEF ANDRZEJ ;23;STUDENT PRAWA ;NASZE OSIEDLE 
Zacisze - Zalesie - Szczytniki;KMITA PIOTR JAN ;57;ARCHITEKT ;NASZE OSIEDLE 
Zacisze - Zalesie - Szczytniki;POèNIAK EWA KAROLINA ;41;PIEL GNIARKA, POLITOLOG ;NASZE OSIEDLE 
Zacisze - Zalesie - Szczytniki;TYSZKA MAREK  ;51;SPECJALISTA OD TRANSPORTU I OCHRONY ; 
Zacisze - Zalesie - Szczytniki;WERSZLER RAFA£ JERZY ;48;ARTYSTA PLASTYK ;NASZE OSIEDLE 
Zacisze - Zalesie - Szczytniki;ZALEWSKI KRZYSZTOF FELIKS ;64;INØYNIER INFORMATYK ;NASZE OSIEDLE 
Zacisze - Zalesie - Szczytniki;BEDNARZ WALDEMAR  ;51;PRZEDSI BIORCA ;ZADBAJMY O ZALESIE 
Zacisze - Zalesie - Szczytniki;CHODOWANY MAREK ROBERT ;47;PRZEDSI BIORCA ;NASZE OSIEDLE 
Zacisze - Zalesie - Szczytniki;CZARSKI TOMASZ  ;46;PRZEDSI BIORCA ;ZADBAJMY O ZALESIE 
Zacisze - Zalesie - Szczytniki;KSI CIKOWSKI PIOTR JAN ;52;LEKARZ ;NASZE OSIEDLE 
Zacisze - Zalesie - Szczytniki;SOKO£A W£ODZIMIERZ BOLES£AW ;81;DR EKONOMIKI ;ZADBAJMY O ZALESIE 
Zacisze - Zalesie - Szczytniki;TRACZ JOLANTA EWA ;60;PRAWNIK ;ZADBAJMY O ZALESIE 
Zacisze - Zalesie - Szczytniki;WOLSKA AGNIESZKA MONIKA ;31;ARCHITEKT ;TOWARZYSTWO UPI KSZANIA MIASTA WROC£AWIA 
Zacisze - Zalesie - Szczytniki;WYSOCZA—SKI KRZYSZTOF JAN ;54;LEKARZ OKULISTA ;ZADBAJMY O ZALESIE 
Zacisze - Zalesie - Szczytniki;ZIMOCH ADAM RADOS£AW ;33;WYØSZE-EKONOMICZNE ; 
Øerniki;B DKOWSKA KRYSTYNA  ;69;EKONOMISTA ; 
Øerniki;BUDYCH £UKASZ STANIS£AW ;36;EKONOMISTA ; 
Øerniki;DUDEK HALINA  ;69;åREDNIE ; 
Øerniki;FIRLIT EWA LILLA ;65;NAUCZYCIEL ; 
Øerniki;FIRLIT JAROS£AW DARIUSZ ;34;PRAWNIK ; 
Øerniki;GARSTKA MICHA£ PAWE£ ;43;INØYNIER TELEKOMUNIKACJI ; 
Øerniki;IWANEK KAROL TOMASZ ;40;åREDNIE ; 
Øerniki;JANKOWSKA ANNA  ;65;TECHNIK EKONOMISTA ; 
Øerniki;KALINOWSKA-TABAKA AGATA BARBARA ;39;BANKOWIEC ; 
Øerniki;KISIEL DAGMARA MARIA ;38;WYØSZE ; 
Øerniki;KOSMALSKI TOMASZ KRZYSZTOF ;38;WYØSZE ; 
Øerniki;MI DZYBRODZKI MARIUSZ GRZEGORZ ;36;KSI GOWY ; 
Øerniki;OCZKOWSKA HELENA MARIA ;66;ZAWODOWE ; 
Øerniki;PRYJMA J”ZEFA MARIA ;63;PO£OØNA ; 
Øerniki;RACHEL ELØBIETA ALICJA ;70;åREDNIE ; 
Øerniki;RUCHLEWICZ ANNA KATARZYNA ;35;RADCA PRAWNY ; 
Øerniki;RYMASZEWSKA IRENA  ;70;NAUCZYCIEL ; 
Øerniki;SZYMALA MICHA£ WITOLD ;33;INFORMATYK ; 
Øerniki;WAWRO WANDA MA£GORZATA ;43;EKONOMISTA ; 
Øerniki;ZAJ•C ALDONA EMILIA ;37;EKONOMISTA ; 
Øerniki;ØARCZY—SKI MAREK  ;62;åREDNIE ; 
